user_id,business_id,prediction
39FT2Ui8KUXwmUt6hnwy-g,uW6UHfONAmm8QttPkbMewQ,4.8086967112752435
yy7shAsNWRbGg-8Y67Dzag,rS39YnrhoXmPqHLzCBjeqw,2.976066794738699
DKolrsBSwMTpTJL22dqJRQ,RADloW1UROUn4FJFU4JJNg,3.5843343140267603
renPzRDqMZpMaHiCD_e1_A,xTlmLL2xZZ0xhZ2J16zXQQ,3.881123336070849
Nhk0jTP2gkU12G4LHJVR3A,FaHADZARwnY4yvlvpnsfGA,3.9962261962796344
N3oNEwh0qgPqPP3Em6wJXw,LNGBEEelQx4zbfWnlc66cw,4.091353478506735
2YiBYO8n32upYTJnpWgqLg,l_-4l8JwZbAn75Q1sfI7zQ,2.8776336619316654
d_uSfozaAZR4OpDNa8IiZQ,2KduMkQeDDgVHwsOGoIi_A,2.9314649247339033
swqSj4zuamI_HFfPTj63Hg,n7V4cD-KqqE3OXk0irJTyA,3.341162101494229
_ijx1PqANQVFLGNWCibdig,LOWn1xi9PfG2kxrUuC21nA,3.832037079877981
6Jbd0G-MyiXFXdPwMoEcZQ,cTbFJzHQzFSX-z3JF4abKQ,3.525834771015297
FmtnXwc_eyvpIv1Q1-bVCQ,kRSTvmQaiWB2Dk5dhxat7g,4.05867805203801
CapjGj9mWWL6P_eQChu-5g,xtDZdPaHwhAwoo77QV9Oeg,3.3266051481017533
3UY0P5vAPTavFNTqqE2nVw,azsyGov8GFJswGxcqIn71g,3.6514155439799034
C2C0GPKvzWWnP57Os9eQ0w,RRw9I8pHt5PzgYGT2QeODw,3.821921766
mswloq-IjRr9yXLhBqBPAw,8xTuXU5uZ85WF-ZGqDNv_w,3.9617337292341612
I-4KVZ9lqHhk8469X9FvhA,qE9yIXn2GQb2-4a_qOOKzg,3.8285639684593704
d5WLqmTMvmL7-RmUDVKqqQ,7q7qaGPUUCqMljdIGwzvFQ,4.244368283617275
XOgqs74hkbXT54mSp7JMRA,i2dnic7VdQ3NyiQQWUXHbA,4.5527812315128875
M4yYtAXehUzaHB1ghl6EXg,MpmFFw0GE_2iRFPdsRpJbA,4.061934313038002
3RU_U3HdYU3AOs_r9rgoBg,DD_dSlQKcln7VXbN1qxcLA,3.7911244342012815
fkMiipV4j_DG5nSoBnZvbg,a4MVM9E9022sYFrrYWy9DQ,4.113171210658258
tH0uKD-vNwMoEc3Xk3Cbdg,a0v7Si0DK4cIko7AQY4YXg,4.3464432209209845
bLbSNkLggFnqwNNzzq-Ijw,87bozyZ6vtlEDy33Ek_fZw,3.319235604
FH1zzokLaW3C7meH7HQF9A,476CROJauLg6CtssqHRxmA,3.484871619971596
ajxohdcsKhRGFlEvHZDyTw,VUtazCTIc0aoOrQprP_s-Q,3.215108295411935
dD5vTDPzv_79m8_zZhc9hA,D3MfMrIoNV4_aXPj0bi1BQ,3.7735253752193
hLVq7VSJBHZwqurwWoCmpg,JFaTPxWQC14VmFnXLv7W1g,3.777920428129888
KAkd4Wkwo846cbUxsyPgkw,UdHRPszFOKuVs_8ZplzUhA,3.125864228285963
bEhO6RG2rgf-jFAv0th0gA,g3g3dWFoVSYhXQTs4ctGyg,3.6875771125124097
AiTNSDP-Jw_ko26pFsbW_g,QHZw2L6LV1qmExNJbfhIsQ,3.4354460690422672
bHufZ2OTlC-OUxBDRXxViw,w5CSi-An5meLnxjKSFn0wQ,3.732668592385569
BwwqlPVsJk1dbUyNwCWB7Q,XrcB7Of1KfHlkeXYpHLIrw,4.27969774241494
yP9UmCxs1PSqljLfpR9R5g,YU2XR_ZY-g2VzDpi7KMzEw,2.9181088204765877
t_9U_94WuP_HUSEXnBgL1A,rioQ_p2pILNbJ4Xp5jW6-Q,3.863615755357223
zBi_JWB5uUdVuz3JLoAxGQ,1jpYP-JNOEYCMIzP4OlGuQ,3.914728725565011
Spgm6HFWgc4YXJlbhg11Pg,zpoZ6WyQUYff18-z4ZU1mA,4.181292336367567
y3FcL4bLy0eLlkb0SDPnBQ,7vHvQCjPq5pWj7Rio1A--w,4.084835354324006
YwaKGmRNnSa3R3N4Hf9jLw,oxwGyA17NL6c5t1Etg5WgQ,3.166662428324196
bLbSNkLggFnqwNNzzq-Ijw,8R7jI_E1QQjLwTfkU4V8DQ,4.123639190376236
wxQCLMnuVYbdtmQCc2ryZg,HgdFqAvK31fB9sgBdOzo9g,4.241734368460657
ZLS7cwa1UplSB8nRrwrHIQ,MKd_EUD0PG__cOfIbeqYAg,4.5135961233853585
2oeFc-L1Ow4UC_j_VOS_kQ,rgohunOzrrrgdZcxkQzCgQ,3.9270597613012845
fZ7fLMqArGTemvXPH9H3FA,Q5QaMU0BrMVSOkXa9ZQ5rQ,3.6146300433638605
o2_eBLxCdS54IcSEjzGrZw,A6bnXx1see4yZSaVVCVDyw,4.056675081216506
VlcasgkqiTuPi-nVT7rEtw,OgANEur7Bt8YJSd2uSm6yA,2.9583912490010915
BCy-Hut597GtNvlnx3pB4Q,sUMi2q41l4AzOsmJMRY8zQ,2.5306183737078305
WHmabbfgdSW-JrOU9ePMrA,JK_DiDwbl7HX5OhCAh3h4g,3.336671835461453
OoyQYSeYNyRVOmdO3tsxYA,s0vNtuLs1cwEqHTXKiS05w,3.8166069020032998
e5kg9bLvlJz-MEUrGjIeVQ,zA6gnF5aPBGoOm6uIbKt-A,4.003629733070993
lFFIpfkox55FQ-wZD6BBVw,vw81ARj4ihGzcmanHw6dUg,3.779030126295711
tL2pS5UOmN6aAOi3Z-qFGg,qsJkjQoM3Hdg6Gtqp2S9_w,3.497595319085031
mOVyk3O18VY5nrUMTZgM1w,nRo8ZR3UO1Kt6XwIMbMy1w,3.533466355623025
kwIhn1_cnQeUaLN0CuWWHw,rD32POdIhGN9eR8aUxl-3A,2.8250544985175896
B6cG3i52V1kaWqS2GyVZiA,kfP2LXyH1misyw3wHEOneA,3.8746031701457477
UeYLQxnzX2Al3UUkEmWPvQ,rFRNjwr6Z3r4agQG-LtluA,4.126937229931463
s-591-mtIyP7F1Lffw98jw,J4CATH00YZrq8Bne2S4_cw,4.177318733591178
LnX7-WmpML5bY6Fzlz468g,IZrGUQHkxOxyDmifE6p7bw,3.9392986998737896
PACS2nRQfwS7fYHNBL4ozg,C-oKwqnAPa1KJZhMOox60w,3.6431587554163856
8IHKoDdowAkISIKzypvObA,i4SZYnZOM984FpkJXnzcvw,3.16321378486066
-Y6tXYPYqeVy37-L5p0rMw,-igpUhnA1b5iUK6rfAtuPw,4.1967087877420095
SaSXRzjHx3SMTNnW90PetA,Md6NWl54ny8hA-NVaYZuew,3.7658719746976006
USpN4MpgR9RpwT7eKUA3aw,zKqWjDZHo-lk7_E3hHkORg,3.31609365294361
8RcEwGrFIgkt9WQ35E6SnQ,VZbKJBbcxCOvuZyuEOojsg,3.8290632935228595
RXSFT4K09Ta6oTdrvFGmCA,A5Rkh7UymKm0_Rxm9K2PJw,4.418055143496543
PKEzKWv_FktMm2mGPjwd0Q,t33qVzQ6AdSiq4lnI0KOyg,4.152391172011018
e3fdrK1tMCwWLr76LFe-cA,cUwNW5NEua_yMcAx-X2sMg,3.6405484465715476
WWWWYNDG16P4Pha80srB2g,Ejs--ofQoRyAtfRdUFuFhA,3.3098474887029457
B7_ARdKo_GT-gjCSRGErXA,Oy2WnPyiOlPFvPKMIuOC8w,2.2347739772896147
DOajn8AtMjNtCZ87YoIlwA,rgnvT2gHHfW_jW1ZbIa_-g,3.9464327245584245
rAa-LxHwU8IP989kvMUJSA,leZNWLccyBaXpPIRPK_lsA,2.5989901581572865
EiP1OFgs-XGcKZux0OKWIA,4nJWUXQqm8vxubgC_0AcCQ,3.092641281512076
lsLuVKmdh45yommr53zfRg,T8-13dD8mV2qUI53wsUL6g,3.479317106739352
CqeLXgQUpMZNbz4GwBz87w,ZrS5rhJ4OvXQG_38wPEWlA,4.351573785846133
mYJW4-M4tcRygSwdT3A6Ww,qFAw6wHMMcr4ctF-ZdGhEA,3.966226892016463
ojMIkHP9M07O9SWOSggsRQ,Ye4uQAkfHbh8w0cCXCCLjQ,3.6298018495722526
YJLlvBPtvB8iJg8_WKxVzQ,nyM76RUyFzekHHmYEU-KBQ,4.101741650355608
EEmb61yI7Nit55CHflV0Gw,v1AE1LLWDOqe8ubOzqKADg,4.255337928435109
XPNiTbrKL7f0_6L0lrbZlg,HxGBySw5WIapBu1M8WWcbw,3.2552898519125466
AvC5XQAElcGAAn_Wr5auEg,fnxKfHf-ANBph4EqVARvQQ,4.516673403917359
jUZW1alRK8QvdZ-pH1OquQ,KuyB4pILxj4pKHvbY6CrJg,4.207749530355079
v-R38AMN2ZZgr_iszlgc_Q,0MCXyrNQGaqdYBcAwh3anQ,3.4126978776607
OoyQYSeYNyRVOmdO3tsxYA,A5Rkh7UymKm0_Rxm9K2PJw,3.816658121009932
KEAP--MnBZtQ9kjjMU-RiA,0zoXYHq82haayMaV952jEQ,3.874396893384735
57tf_RmT5o3BiFj2gpV-Jg,NCQsIvDF9e-bNyPwKJOUBg,2.93646627133892
ciS2XOo391iRUR2DUmSEWw,h9r-Uif_y0b6x80IJFzXLA,3.4278550558097924
r7GHYNcXMwCxd5SIHNBsAQ,KxUczoGoAwkX9mSHwWlUAw,4.3478258729875545
PBV_oQCoABX958-zjiLGwQ,sd4BuC4Om6WuvnP87ZS8Og,3.8791588792559084
NjNJ1JLnMlOfnDI6Oz6Qew,Vay9xHwcvu7VRZOddBgn-A,4.3501814742584575
m5b84-nPPVNLlDtZyVGZ3w,hjDM6ylmxALkTdKMB-aybQ,3.2643947947130707
W9C7l46Me0iuzbio_0BhdQ,Yiz2cRBakfVUOHsThLKyoQ,3.5511734669775987
qp-z1copnYQq7NPubYlNLw,lOY5UWReux2rfd2HtASifw,3.9259102200389617
x-8ZMKKNycT3782Kqf9loA,jgtWfJCJZty_Nctqpdtp3g,4.333839803611771
zDBOdWtl2PsNY38IeoE5cQ,gy-HBIeJGlQHs4RRYDLuHw,4.208619006539981
I8_iXLcpYHAb_xi2vShgOg,LR0qF0FEVsCOhYWUOiH26A,2.821310090853697
_VTEyUzzH92X3w-IpGaXVA,X-b4-QvZLENnf3yFwhpSXQ,4.300700773451918
zBi_JWB5uUdVuz3JLoAxGQ,iRwT2pBa87Y54q8nqfNAzw,3.8971138071977474
_Pn-EmWO-pFPFg81ZIEiDw,dLc1d1zwd1Teu2QED5TmlA,3.9822383031053605
5AKt52TW50eWHk9Ia03uzg,wL5yGvlL1zXZ4EPJ8d0hIA,4.020628543439765
UmTMCfPlhA6kJLAsLycSfg,f5O7v_X_jCg2itqacRfxhg,3.508894985476043
PACS2nRQfwS7fYHNBL4ozg,h58IV-LbmpycdzlwVhUhgw,2.7104110447631706
FEg8v92qx3kK4Hu4TF28Fg,rkTFLIt_Z1bYMIuXfSyAqg,3.599086021230959
0QREkWHGO8-Z_70qx1BIWw,LpyndkMvevIQA-JHoReHNw,3.9133094504139994
ea3HFxRRo4gZOmlDle8IPA,rKBqoXbY70awQP6p68e1_w,3.049725054664991
9W73B44Iw8WslrTNB2CdCg,3uOxuJUnx72b86-3NKhX0A,3.0324740087429918
8oYMqhC5fhqAK_yxRjE7dQ,uhb7nSskHRm5RFbGkGlGwQ,3.6498498966622117
tX0r-C9BaHYEolRUfufTsQ,OoI3WUe4Xl86d53avy3oVA,4.395005883031642
7_wgKuMhwGVytCKd0uf8jw,JjsmIYvWfqwx8qkVK_QCeA,3.2449490153240177
g8E-RUZZGAHwnQoelG1K6w,vgA3g9yQDQSABsxmQLtDkQ,3.9712005049308234
IL1-dyCe_zSqhmt0ExL_Jg,zJMnVbXUKOFkZEA2dCRsKA,3.643018135569072
97j2wkFU46OOgm6ErRAb7w,Q3nButmAU4F-v55S5I3vEw,3.622341068673652
O11n5wP5sq_NtxEGF6dwMA,4JNXUYY8wbaaDmk3BPzlWw,4.033834533283307
utS9ZAswZZx3QkegS_25SA,9M6eqYZlyBMo8K9QztXcIA,3.7929705962696567
HhYUDP1vR7CSRi2cvfai0Q,n-n2l3VyENfM6nr8IXAObw,3.7990187510007756
T8fSuI8CXWOYZfgfm4QshQ,TZmMsbw5TbRqv8rmKj_aGg,4.462979359021401
flV6Cp3M2vHcqFBcCrGS1A,Hm2YntlJzqP4reNZRlkCEA,3.4984955194796297
NWptkEoaBCDoMRUlisMu6Q,T3ASfec34b8-uYr3xZj8Lw,3.6417877753969927
9VRn47SH71kNkCKotY-anQ,aYjZc-3aVbPIPaJgGiUK_A,3.721009014638692
tRZAC_H5RHrjvyvtufcNXQ,0-8DTqVaY9RJU0PAWD2l6Q,3.1857925027907408
w3UMfW-XuIyKkgXEvK8N8g,DYAorbxOyubUB_wtQRCdug,3.4789412030602773
qeemN4slMyao8ZE6Pc9Iww,q-zZgXKAQFLEgMp9ZNllgQ,3.9850854747756297
DaUJvHMmKoDDT3vB_ltJ6g,-nyNzdge5rgZ3aQF8Y3exQ,3.8700768638405973
zx5rdBK9NFZrAglIXF1LiQ,3T0Erqk1MKtN58764yZMfw,3.381722884047037
NPZ113YIXy-nl0aQ6wOvww,jt9O4tqBb-a7encP9ZEGVQ,4.863607082021429
XPNiTbrKL7f0_6L0lrbZlg,KskYqH1Bi7Z_61pH6Om8pg,3.6353189857661636
6tbXpUIU6upoeqWNDo9k_A,uRybQLCYWkC6N19MhaHf_w,4.157686640039025
82dCHyU-ANOgdhxUgZsUeg,WUq8HJHIZU4uteB154XN7w,3.528625500746102
T78axJ1cQbBg5f5bz4tn1g,CauQnqZ5eowyrr7oWF_p3Q,4.518600120990712
69xsJFjiOAd8Ld7WWk_tEw,9yrAfE46k-_kqg4ULHu8Vw,3.6203623734447987
9bZRfbCsuqatVXJzbYSrzQ,rUv5UqvD7d-HMV-Ib1jaTA,3.8066972445412666
OLn8EvPsu4hNug8V5PF2jA,DJXZrIi4k1Iyd1mQRwxIMg,3.007513047217566
t7oIAwdWbrZCHeaQNqvNIg,02eH78Tc5Cxxy-CIqhzx-A,3.6386277171440233
JqjAthJThuVYgTh4iWDZ2A,IEJFia0wQX7UezfXsenI5g,2.7843178951671397
whINg-cC-FiAv_ATDGMDTg,u_vPjx925UPEG9DFOAAvFQ,2.908684750375194
_qkI_vYa8ZtFCxMNTEyxjQ,L1-1P3acJc4gEFvWwjXcNQ,4.747488460213408
T1ECVGXE_vwCoCOY5s4esg,A0X1baHPgw9IiBRivu0G9g,4.428349629898967
CqaIzLiWaa-lMFYBAsYQxw,G859H6xfAmVLxbzQgipuoA,4.745850344971051
qtOCfMTrozmUSHWIcohc6Q,S_5VQYMMa4aD3NzgYLkvhg,4.296462966031687
KLB3wIYUwKDPMbijIE92vg,3m2XZFVraCiqjgLxHi5MdA,4.639204909776173
ay4M5J28kBUf0odOQct0BA,b41zjWT4pzcTgNY04eKAvg,2.49719937973346
hLVq7VSJBHZwqurwWoCmpg,4c19YWOjPmbFUK4-V2GEvg,3.427064647650709
SDgrUDEdWNFBlC4ufVk1PQ,mIzlYJ0n8cXIHs1JiPN8kg,4.718634204945413
dW6bAWM1HbPdk_cGS_a2HA,WnLhd38sH80ViWwzyF7yoA,4.020729970979109
cJh4F1zFNJb2wXCNT1uNWQ,NdgsBrZKSsmCNBDfj_0L0A,3.91123315239756
eDdQbUwwkoE_TZeqQ_1NNA,3BCsAgo_1i4xMuTyLKMLRQ,4.107122779863354
ET8n-r7glWYqZhuR6GcdNw,w4a6TuFWArSc29dB51rPNA,3.8085801252909564
P7S6JorjpamxAVSvmrmjXw,0sPOBQHlVvuhO1h-1p1ccQ,2.3089396909043587
5Wg5OanfZ4-2dCxEo-qjsw,ZtsnwjxjzMUI6tDZNrJUeA,2.8326326423086017
zCnJQKvZgET4llBbJD1aiw,67Pa_CtXthgJzXfY8JzLDQ,3.7559325957771303
K86nuyuxpmPl_t2V-H6syg,QFPS9JBNdOOHVP0C3pSslw,3.692716148860061
8ydnqYbyrsl-Ri0TRxgSjA,Qb4sJ4ssSX1clY2wEAOmsA,4.2706560902024275
QaN-nccbLZPWzownQYgTVQ,XS1Zx6GzjtKPKmhDuVw5Jg,3.8454387872734945
LiNx18WUre9WFCEQlUhtKA,lOKgoQtMhnlf6hWvrOiMtQ,3.6551390385716576
2m2MNnlOdofofmUs-hYTJQ,jYqOPpSmtKbKzf0Z_g-Oyg,3.5009828865505797
kXt6tPSGLWhWTiXO7XPjuA,-HgbBv9Yjqv735F9fwCZNg,3.4056066757378494
6nSGen1iDqt5r97yxEFULA,QvxBnMcBPP1z_NAIYCqqdA,3.9735821990169726
O5uqPjm8MLjFqUmbSUmnww,OBGLTac74G_1Pt57M1sIhQ,3.1110797023043713
ftttLxXB10LtHJ7v0j2hDA,F06m2yQSPHIrb1IT7heYeQ,3.891209031604055
fxrQSMhHlBv6eJVRdchG9Q,SVFx6_epO22bZTZnKwlX7g,3.495559819040193
EtxsD-Jbyxh7TsaWHtGCew,vSmNFEGb2Jr2wz6aXJofog,3.577156664334524
ESSWEfZZp8vJpldwp2G3bA,PYUmLq7FkBbMyfYyHX1waQ,3.5027012425333264
wzItnkHTHKNqJESMSTEYJg,a5mpYojV1dX7XCkAa1qq1A,3.925119623063109
cIbbfJEGLB3B-c8Po4AL5g,JOoblYsQjFT-47tkt6om0A,3.5305397983548485
erJ1HQwavgZx4996SMIxrA,LkMtMHVetws5_7QfRjPtlg,2.860786653374396
QJI9OSEn6ujRCtrX06vs1w,ZsKWULhwwB61RHzCrb1i9A,2.9848787913349097
-57uOzAWlx__p6QlX1pojA,iSQwKRrLYYi-dI2PpJmJJg,4.145776703543125
XrYTMhY9YJvzX2pMepIz7A,5aeOewSy4RiI8sLLWpeNGA,3.1985018968938403
BwFEjsr9yLqdszAmAxFYQg,FaHADZARwnY4yvlvpnsfGA,3.645857778921051
oEqB6qGiV2K3q8g2A8rfYA,wzYlLZ3v4FBcUTSA9b75uQ,4.5597984778457805
RqTl3f3ZIhrjILKJFCEKDw,HeXqhdzNR2mn-Ez4PyWcTA,4.39311071595327
qWOarY5fsrVi2zdWmk30QA,wfCNNMkeJcpWr9jj1hcdAA,3.1620196738904927
PdUZD_Vnlfe0msM93tZrLw,QteBKpZTRa2dJ3u7MLiXww,4.5372526526336445
3YK7REruC4FwDTOj8zUYcQ,MpmFFw0GE_2iRFPdsRpJbA,3.5522809191520404
7weuSPSSqYLUFga6IYP4pg,IhNASEZ3XnBHmuuVnWdIwA,4.835257440007289
aOseJnydZYD8Og00vWylqg,fNc1WuGwiT7RhqXUIe4S8A,4.128378981458905
Ekw7wuUTX36BtcPP6XnA-Q,RwMLuOkImBIqqYj4SSKSPg,3.9182407966253687
kw-YtOKPXrRB2a9wRZlmzQ,D4ETxxeNQEnSw_e1H46DXQ,3.097893338120758
zvFeFboNMXqes2x5yqxpYw,hggVnGwA5042-ABxqeJX-A,4.468863081604411
BI-nIs6O-ZwldOaeK6iKIw,v_xuLfW7TXBsQctpOuPvQw,2.8645325982229832
qmYullp32aXFUr8WMVFrOA,0KjY3gmtqQjc4sK-uG-6fQ,4.227573372346902
quDu_Z0-i9TCYvdHRnULEw,p8HvhJZ-_EHhmUVmZN15gg,3.6828369282964886
YSGUCqerQCEHOL8HdWxAeQ,bQ_wtZvMb__OhprY5bF9aQ,4.164798687166733
6mYfeB7ZxsgNq0Peyt_eFg,Fkj8vJocYilePMZv2y54WA,3.940383908993585
90Go9OZhKs-5jpagYY8N3Q,a9k9MQrr5KFyMD7_Lnwrhw,4.23355755814503
T7ViOhR3tLnvQharoopLXA,mk7xgXuTVMfv4sH7GD2SoA,3.2310050069662735
UetOIhAdPBkGjm_o-mSC3Q,Eg_M8eeu9SDEdbP7iUmVbQ,3.5905014788445087
0hZfE2He1YssM_wEvKhfcA,XhUec_6-kgPy1_ZYUrzvPQ,3.9162159864893087
hAmZmC48eCWzX3ggBD9Qcg,IVKVk7ZAPdQi6S40UX0zyg,4.799041739212552
NUtVG7jNPLJR2cxMXMH2-A,338D7EQfInzHV8Ve1b0-eQ,4.098917989718925
8NNaJaSD60s1rDHPo4laNQ,yfxDa8RFOvJPQh0rNtakHA,3.1483018995864605
8PVrN-By9CwpO1HLoyOhYA,Lk2I8GTjKLd_R1drktNWNg,1.900071563716521
PkRFSQgSfca9Tamq7b2LdQ,7Us3dn3v9o2xMSXA6qztLg,2.7934639163620676
3nDUQBjKyVor5wV0reJChg,C9ImzBi5fn742ZcAYDww2A,4.096120233767591
aiJVlwMp6_3_IFmQnrgSTg,LjOBNcNNpuewBqSPxYYTJQ,3.995585188281562
NhgU7RhuYYFmpkb1jlYJ6Q,Ec9CBmL3285XkeHaNp-bSQ,4.258566774543035
SJQTqW0Uf4V9MNX1ogtw6g,wY3dlpLa0BHfDENYAPYuZA,4.028932507076413
U5YQX_vMl_xQy8EQDqlNQQ,m3uS5kwBVOwYarGbt98Gjg,3.707075455855864
yJP-54fC6lpYXXl5X0JyJw,61wUpoim2yzSMPKxg58ReQ,4.0875455888286245
LcCRMIDz1JgshpPGYfLDcA,t19vb_4ML2dg5HZ-MF3muA,3.1577319138110944
U4INQZOPSUaj8hMjLlZ3KA,8tMy7yEeNVYylVVFRlPmdQ,3.7679497592742686
sdLns7062kz3Ur_b8wgeYw,9S7RUjzkdpU4MDxUxkvLvg,2.5776628704110425
sBqCpEUn0qYdpSF4DbWlAQ,g8OnV26ywJlZpezdBnOWUQ,4.066554721546922
Ozp9AQ9EOaw3ZQnVE6TDFA,0jHZk9RrKh0uRhTRW1XIqQ,4.287412253063902
XjyneOR2t_o12hSt-MncKQ,WXd7r6Yvjxhyo1L6R3lQMA,3.085427813916626
qd16czwFUVHICKF7A4qWsQ,t6WY1IrohUecqNjd9bG42Q,3.7419241931340728
j55llTI5f_Xth68rqJpqUQ,bCa0CY4F74N5lCEVOquKkg,3.902324919244162
hkSiQAfl6w3882JJQzRTlQ,VyjyHoBg3KC5BSFRlD0ZPQ,3.529535352323175
tBeEt3o3ismz8fcQL9CosA,aqCOsEhjCHVqaFPRt8MCRg,3.7838849501751417
GKy2zJOYcT89OqT_Xg9B2A,E-wETrdq1uImd6lX6x8Qxw,3.5230683897811748
39fTg9QkLhIKRY4fH8rvKw,anzCdD5eIEHwydTpXhLlUA,3.5665803712274444
9eehtcnYhZAHug1uMI6iRQ,dp9haMgS5RZ6i1kQq_oS5A,3.7275205932014597
njUgJcn8ZN0BdZdNEswRwA,pKk7jCFIm96qDdk0laVT2w,4.383353095826806
vEXQPLOCIgYoNXeekjL2aQ,yQab5dxZzgBLTEHCw9V7_w,4.265942423096777
8JLanHhH2dON1aUPWN_jXg,AbgNPAnuq8X90DUw5FQ2sQ,2.8479171839039283
Tnn_sY9W24ho4Kw9uwuK6A,11fdZ98T5ddYgc12bp99PQ,3.590701137757269
uO1w3qNo21c1bVHHFTYW0w,N93EYZy9R0sdlEvubu94ig,3.9522829151896106
HPtjvIrhzAUkKsiVkeT4MA,8YG7PRoZuHeKii0rtNvJFQ,3.5288802137143493
qQ4bfJmrfK0iWCZjl8cavQ,XlZ2Row0pszDilc5WmXiZQ,3.2876460582201146
Eta0tfNygqtTomlAG-I3yA,yV7f80Nw8nJGilZpRnS6HQ,3.676793048714178
Bg6_SkJh76doBuYhrlARYA,jPsYewglXykobaR7F14Ykw,2.974671350084035
tXhscxwFTd-ayLTdPx_2yA,-kG0N8sBhBotMbu0KVSPaw,2.889861004617741
cLFOKo3WRtsK4oB6yAPw8A,B_WggEKFq-ZFNui8CHPYvA,4.793691304360519
DkLSyxogCcJXY5DbTZ-f2A,xOXImYSjz4Sa0oYuml-ldg,3.621085931356187
kmE8w5Y785eZmodsx0V6Ag,5LglLdziapvddMigNEAD8A,3.63658738929377
A-tUZUgiMNdHeO171rRQdg,7SJoMX5ti-VoEsEW6mJLRA,4.066390487086189
SlgpAnj2gQd44EM_Uq6DkQ,S3kcGHznDcyzsxkOhSZeLg,3.436901450089148
PomQayG1WhMxeSl1zohAUA,EIeU3coTP9V2qcmHhr60Yw,3.466370962456661
B0ENvYKQdNNr1Izd2r-BAA,iUg-giEl5nINQoc6yau5yQ,3.874803302727724
6VnttIA0M92-d78bd-szwg,oeQaMFH0VoC2b_24x0smMA,2.6367897482078386
yKAIxV3KCxBKK5ezsry_0Q,XQJr9_jZR1vOoZVcZfDDwQ,3.1538376577346217
6s7isj1OHWg6vQKa7YtorQ,JVbhg2uUmjp0Acs72gP7rA,3.2539094203252024
kmE8w5Y785eZmodsx0V6Ag,ZjSzUWHtnpCfjsa7CksSOg,4.0604727256923745
6KUA3-IfHoAhQ3FL2djQoQ,OFdMlXxtkU_nUh8jJ4W6GA,4.06820854479178
nF2TR0yfB2tx3VzAMvdlgQ,n-Muw3wnU-INyXkgPtZVVg,2.8201533549742397
1NbFusAiFMOLT1vOUyVr8Q,wlcHT4d52xh52ZsIxxuGFg,2.1988841277893627
ELfzWgdf64VBLi5z1ECItw,y4ETe3DkcIjjr_eyeg5U5g,4.154755032083498
Yc_DAhEc7maqaRFli4T6yw,46Ld9Qc9nAx_A0jwclNZiw,4.463473392159339
XEqQG61fetXhuEV9RPslIA,x-PjsebOBDnbClUfGMMv_w,2.0093802009879758
MDeA-Gx8NScCyAdziq7IeA,czJKX4DmZR_1JeRmPcnmbQ,4.4360401593402665
p8eHROuRDiStavK6iEkS8g,Zrh6UnmVBFa8KqDD6oTmbQ,2.188770160212445
cuCf5ydDSmXAgAeCf8ELtA,A5Rkh7UymKm0_Rxm9K2PJw,4.115266052065064
T76-jKiHe5Fz5qTjQQlWoA,ZLPAP1YKL56ODigLn4wd3w,3.945239379331982
toJLjXjSofVNJ1icmMwzfw,Ih5Q1cNDLchhi1FqqTwrag,4.504651893367662
UYcmGbelzRa0Q6JqzLoguw,f_9-Ca-r62-OeaS0z1d9Rg,3.5231668075844924
LnX7-WmpML5bY6Fzlz468g,DnV2o694nhnjuRmyR39l3Q,4.204951582361556
H2PcFJ2tswZLKY4tadK6_Q,LpGCzgAKNSpzDNEUMVVtZA,2.7436862719107555
Ryxj0u0AW3mRsRypdYli2A,QJatAcxYgK1Zp9BRZMAx7g,4.482296565145916
1-2Oed3A3J2lzLnRp12FWw,4JNXUYY8wbaaDmk3BPzlWw,3.9909528211624252
qUL3CdRRF1vedNvaq06rIA,JePoHo0qm7lHd2Nsg3zA3w,4.119072578581355
MtdSCXtmrSxj_uZOJ5ZycQ,Wg9272hxpu9IBTXMTB6EeQ,2.7067451609593816
YRvwnfOfpeXK76e1-pe5Dw,o_une30mUUXlFdcud-cqWw,4.319492847233871
Iz1OjH-QHe-r9a7gm2sOLA,CQk3WJtULz_xOkUM6o7wpQ,3.5610062882009546
SdXxLZQQnQNUEL1rGMOQ6w,Dy99p5bWfr6g0UtlmPjDqg,4.016523997583932
j6Kv_wLQzZMWobLIyijX3A,VZbKJBbcxCOvuZyuEOojsg,3.861144007083046
B2x3kEXXo8iUdtS9FhGO4A,YCEZLECK9IToE8Mysorbhw,3.9877726227433485
xq1zRJz5VHgEKiCaI51_Gw,jRxLnJ9my31Re_O2MvQGhw,4.79297688290422
C2C0GPKvzWWnP57Os9eQ0w,QSS4Jry8zQv8yGfkUhsZLA,4.207090773333333
Hm0diOkWwpo9zotlJlqMUQ,xuAY1qnAMrzkNyTd0K0Tcg,4.467409552415783
L8cvMZLWmM4qWTl9SkxJ8g,i0rVOregYLFcp7C1RKoE3g,2.9167270998609807
DPtOaWemjBPvFiZJBi0m8A,r8Jr-7YfkhJL2nxk9lxUNg,3.9051825249583985
fmzIm7RxEdii5Jz44PtO7g,BMR_AsSBzTQHqW-SQabI4w,3.5153264092092047
zBi_JWB5uUdVuz3JLoAxGQ,50tjBMTlIbFBxjTRXAVZHQ,2.8751255456859357
nOTl4aPC4tKHK35T3bNauQ,NOz8W_cUV3Dw5yLgFkKLGw,2.816309133753007
Ryxj0u0AW3mRsRypdYli2A,BBJ6Y9Kb2-luoBFBfc8o9w,4.213004012875272
oWxy_YR6n2w8e9L00hxhPw,GIPY7lBIIY8ITSfu63q-YQ,3.4350232188195364
D4Yywoe-WrRw-evn48vWng,vchjO0Vs5FwW2tpFnCimqg,3.643789356221474
vWP8-aQX0rYJszqkWVL7Ew,PRBSiB7ytkLKHVZoBYPxpQ,3.6238030564875494
DeXKbQYNx52OlOizobOLJw,mnI_n7A8sxgOSmtgI3wzQQ,4.534751246484915
a6edJQpI-MEg-OUTKDp3HA,Ur6qSirXUZQgRMumvXJvrA,4.600378218656201
iB3iW2re2A4LQEFcpXExFw,7zec5DCEukcx8GRFn9LbLQ,3.7429466786528196
A9PzIlg1jlezCcpuN9V8UQ,B9c_0pMFuDN6y6934MsmZQ,2.492015062128886
MiIhPqbV11A_rmDfCjVL9w,rxA9c0_XObabVL1WCTA4FA,3.8758296976681024
s4cki7AiOrOjb5r-ZpbJUw,Vbi-yg7XvK3UhubyElaMHQ,3.7370710619387872
6gLAjpSE6Cw092SGqZliNg,RN3iw6o5FZXRuZfjI5ojFg,4.788710573633228
G1J-MuWmwt3PMfkSga1k-A,YIYE7Zk61McLaekLFluzTg,4.845183614428917
cCpiu1GqdzxlvANKuiAp0Q,lOKgoQtMhnlf6hWvrOiMtQ,3.5744215463755213
yT_QCcnq-QGipWWuzIpvtw,c35qzLN6ItDpVIoj2uQW4Q,4.146786105151338
nbBqUNCuBV-6HVkXgPaSVQ,jpOLEg5CrGrLNn5pMhWzmg,2.8256115384425473
U2A_9kuWAMpvCObHrrSM_w,oRgoOhwCex1X9j1iQ9ou3w,3.4670123952812433
vaNvEgtznFwSPDNkbM7hjA,P034NqfS_1sf-pC51170Kg,3.7960805832007565
JesJ-LaNfr3pKhL7gWhDrw,bePq038NPxK7-WyPNe9FZw,3.2507878708382507
x6_9RC7Mc0SsFUcWxEoN_Q,l1_S1mfGbEMxfT1f9omhEA,3.084852630992502
Gh6sagblKhuMpWUDWeQjNg,skJ-AlN0DT9pmBDz0ixeJw,3.9116381756269285
Uk1UKBIAwOqhjZdLm3r9zg,5CJL_2-XwCGBmOav4mFdYg,4.76591349098272
s2o_JsABvrZVm_T03qrBUw,Gen0ei06dGq13OJ8DRXUjg,4.164841482210993
SCpF9u-OoNlHnmAsltiVrg,F09jtEb9KEph2L7Pbji5QQ,3.6090729834062234
OmBHPdD3UhTeO3UHq6kBjA,bYGn37k0KgleABKMWgjnMw,3.813366872500541
BemKKkZBBmu9GupEwKBj9g,MTtI2bqoNHN_0m2cHbY2ug,2.671354012893527
5AlOIOMTzNhU1tSOtQ6mDw,BnpuVvPy3sfLlkqKCx6Xnw,1.4706745638502345
KgJdBWS3ReP6TVhYWJRKmg,WrKAFRFcx6GiLYR4Pshtgg,3.265400508040112
i8ZU6iDLP5r1dVUCxKVv6g,u-3wk-2mnsjy0YIoEg_XjQ,4.273106673762399
gtwM4ijo65AN4DvXdgCu_w,zWo2a6QPIuC-sSJURJ02Hw,3.804713679988487
o-5MEqwSsiHKiPNL09e54g,q5xrVJ4kivx_yEfJeOKNYQ,4.414486081076628
_VMGbmIeK71rQGwOBWt_Kg,68jn0s0snbO5dhasLaVvDw,4.370738867
JeIVRtZiwUnSP9qR4AmfEQ,_ucDskZqK5w1QHkoA_nlRw,4.290653715874963
lOu5t9HG51UDqm4ahVatqA,qmIHO-6T_KEfPC9jyGDamQ,3.7059982285765862
E57wz7vsLNPtRPYmYqI1ag,RQu_Bv7EFf5NKMnh_3E7Ag,3.576656557646215
Xsyw11gZiltqWL5RvWGKJg,sKA6EOpxvBtCg7Ipuhl1RQ,4.524003372697978
KQ9TbTOBwC5PTX0HXq1Tng,NvKNe9DnQavC9GstglcBJQ,3.8746770901785688
T13IBpJITI32a1k41rc-tg,AuIiqDeL65kczmiFSkAWrA,3.457439116676054
sa5zd7bwBQzajQB48Y9SUw,IT_4EEIbv6Ox1jBRMyE7pg,4.204426017702632
6CzDXsYJNXLLbmDAaES4tQ,WMpXWa8iiEaDzb4vLTZjcw,4.2808018276152495
kyZ2FNiDYn5Soufpz2c3Mw,i4l_Qr_zIz6PgyDktkf5dA,3.107731236492407
T88y73qdOSutuvzLlhWtqQ,Y-S2LhHefBdnX8VP5Bh_JA,3.4734653044612096
BvZ_u2z-qILTXPtVNblklQ,y0x795PyDX8JL_oyIaTUiQ,3.262851653878634
96q951DUuDC_Gxm8Yq9-AQ,tDXQBKBKN-4kJnCL-BqRbA,2.6909620992601577
Ahix-3uCOXmeaTUv0xF_zw,qcqDjeirxvdgW5kQVkEwSA,3.511795963641741
yeX7tzZZWCnphQifRJglUg,x9SL1nCaUYM4JP91UrVkxQ,3.288132746516328
QRsuZ_LqrRU65dTs5CL4Lw,YJ05ntGlszxACOD5zn1YjA,4.3153927842785045
n86B7IkbU20AkxlFX_5aew,mgc8BmE6Tdt4MVOy6siZoA,3.089015412392024
_50EXPLguCJR8o454dtD3w,rn6a9iHooc4qM80mshJxCQ,2.6571966960024094
TyA_1wJ_irey_D46gfdppg,JmR31zZjh1yeNLAGjhW2fg,3.642195191552106
k4M43lXJuQMpQW65DTqzIQ,C-u6Ywuq192icOblKm6oKg,3.799892496186148
3rsZCoTmr8EM7DwtGm_RsQ,jyWnalvlMFz5pZPXN9CRpA,3.5008069930474996
WoKCLSctS7G2547xKcED-Q,YAci8e4YFgaVYyI1mDpp7Q,3.438618089759426
4krT9JxgkdxLKo7slwOKkA,6B9efpi2tiublqt8NbjyIA,3.1526224804116993
FTZyZbr1eF7s3Ss7uSLcXQ,Oa6ICL2LhQsaKMxaFVzrNA,3.502185465712481
jcriwcTidug0fK8sgAloHA,3BA3Ro7GcZb1N_PQW4m1dQ,4.429983752310845
53bZ_EsXH71L7iFs5MP9_w,1xO2LvScpcMfl2BNm1aISg,4.189831350724147
P5uRLwVRpv8OGv1eEvpvhQ,QW6YN-F4ikGWzEey8yi-OQ,4.0002068064761485
ejzke1gX5spaR-NcrGMn3A,YJ8ljUhLsz6CtT_2ORNFmg,3.9021232992393506
77lef7kKkoOVupY-7AmieQ,409qhf4RF0rlxcuaM576Qg,2.9692594182888423
pzMvoRhpuwwC3jHZtZSCeg,54WM5coZonA0izd2y04p_A,3.535063055113955
z2YVGKKcup6mjQmDQ6arEg,VgWvHMs5TJ2lr0ec2DaMtQ,4.4541785047598506
KHR6p9KJ79De-ilLI9yb2w,fJvY-QjDY1ZWWArjx9rRIw,3.282148509635648
AvC5XQAElcGAAn_Wr5auEg,qrPbFiwRT5F_4HLHZVL26Q,3.639996950478885
P7Qt34VblZupUifRJ_5hbA,_V0yJdpXrbdKzBDoVSJGWA,3.2929739805303178
w6CGizr474vGmianllh3FA,eAc9Vd6loOgRQolMXQt6FA,4.382999486893616
3WzfK1ymtAaz189qmGiLWw,ywPaE5Ai8SK8TeUoeMgJ6Q,3.2013659081333303
X3frtPLMgwXJAlGxcJvEDQ,IFj5l46-o-DWiJNexOAm3w,4.192180065391193
_VTEyUzzH92X3w-IpGaXVA,WfQojfN1xWzm58gIY_Fa_w,3.9844683938715053
y05H_1uQhO4frLTJ5_tGCQ,hPXR-Bi8U-uz6TUViqmGpg,4.154531264751335
0FVcoJko1kfZCrJRfssfIA,JVK8szNDoy9MNiYSz_MiAA,2.7089600107818295
C__1BHWTGBNA5s2ZPH289g,h_UvnQfe1cuVICly_kIqHg,4.375963022269861
CLbpPUqP6XpeAfoqScGaJQ,QjZFYd5hme7EHegpuJngMQ,3.3413893330085784
CMu9FmdK8xpiawJowJuGQg,364hhL5st0LV16UcBHRJ3A,4.223720268174853
_VMGbmIeK71rQGwOBWt_Kg,IhNASEZ3XnBHmuuVnWdIwA,4.867708578709199
EiwxlbR8fb68lMgEXhcWKA,EhIMjTklf4QPvRvMIhoQiA,3.6008745319430147
IuaAfrkirlfzY3f4PkgSmw,MdS6EHt2RZFpn9fQXZc9Ig,2.9583791801676735
iChrn349gyWB-8UGyn8a6Q,eoHdUeQDNgQ6WYEnP2aiRw,3.2402263081959415
T-bbNiVDbGVxxdbQX52KTA,V96iWEiPOMLOSQgO4x2rfQ,3.2238157800111664
QyPcC88XQlXruvh5UBmkYw,gG9z6zr_49LocyCTvSFg0w,3.358357936863816
zgV0ZroIF956gw4cul8MHA,66VUcHJlDmRANxSb9skvMA,3.6515175213990827
8c3XuWaEQwzbV9AtiXB8mw,S4NHg4GZD35HzzibJAxXDw,3.8126686110439736
6BLLyZDiR0pb-h2E5qvLXw,ejcVeQztxXY6NX2O2SE0Rw,3.7116209704932506
WZojlBpeuNhNew_EjB7GLA,m6gNvwtzo0BfD048l0gIaA,3.6476074704716717
togwFqr0eHwect2P2eZXZQ,YkOCo5ipV2he2WXIAlZb-A,4.354903256432988
OfdX0DGrAET9jqn_7gkXww,rTS8LsUmNIiXsXydE49tPA,3.1661632519354903
S9dDf0JqSMAvusp5f-9bGw,m97jaBYRscg-hqDjMVIIWg,3.2765875270216944
vXrUBAIN4aoCt7F5p0kU_g,JxKWfZ6hG8iRnK8QL65jTw,2.8926007060098464
sKVIL6VYjuAaO-hiS2rzTw,XKPosZx2j4RHcZ8Ewdwj0A,3.8709321188417656
AvcMbSFslworZbsU6tjmdQ,ehUN_XAWr1ePov0jtgv0Lw,3.6306727244304438
qewG3X2O4X6JKskxyyqFwQ,SEjyjYlMfFFzkHaru6JadA,3.677275742528519
idkiOWam_lobHnIeZEs1rg,-JFVxwdVQfX207554dx1nw,3.7544691289085224
b4ZbEEDbCPT6pVT4ImJU4w,uIovmfzrCcJIlzfbpj_hzg,3.900455392260869
e3c6w6sM8sJ_g0IlF6CSog,slx9qstc2U2Tc4s7dzbbBg,3.7441537163950747
xrvyW1ruKS0uz9RtFewC0Q,e2ApirIzYID9xIye0r_gKQ,3.706711227582397
ajx1YQYaSiF_tBFaaP7XKA,DsAZ2gzuGK9_wKzMiGqIjw,3.2223886515236435
TYiDRwfIUBEos45ERdzeAw,dd3GZs6zW2t7BM0cbxAzvg,4.236150690003225
HJj82f-csBI7jjgenwqhvw,2zrBUJJG1FqZ3X03w-OqIA,3.4477219597815223
-2gOxVWcnBr5DclrrsWXCA,km5aBHRss5ir_B0jvEErzQ,2.69556424007194
fr5efb7JrVpFBF9q303NVQ,ag8gM2YKZkjndCvl2ti7kQ,3.995375332816712
HWonvGt2a73y_4_1xNmxCQ,5LtZLznMWTNsciWBU3zg2g,4.027953583237025
5mkRo6VhwdYQ0X2qbBFE_Q,z3bUwDC1wUPGeIB8Rt90wA,4.006170709487914
rCWrxuRC8_pfagpchtHp6A,nkDSE-yhvLX4ij5fSzvb5Q,3.9498573582138197
eqWEgMH-DCP74i82BEAZzw,SFT8rW3yzDpAJTT25msYOQ,3.3955525191659204
7cHcDwzMSJMRaI_pgFNeZQ,l07ctcrDMV--TYwe3uzebQ,3.4958936419424553
tH0uKD-vNwMoEc3Xk3Cbdg,ZV3G2LxpLLuZOFbn208Z5A,4.3379056647734044
MyFtpeGsV4z3zvFBnfGIvw,2gCvukOcIHW4ehqpwoNlcA,3.896945935753814
pZsVUkMb4yGMGoTRzNS7Ew,sXg2NCfiCqK_X_4R5NK_jQ,4.21946953590457
-pXs08gJq9ExIk275YLvPg,75HVFV2yYaaz0qH_KCgyFQ,3.371737591806202
OzGlDEQ_vzH8QU9NBRs-pw,S4ZfnsNo-Iim82uamtxKog,3.0981592837977137
N6PAVmnVS24YDjvZgaXkmQ,OGFBCNUHJ-182MbnV6NTvQ,3.541530186980711
Rsez5iSKBDgkqt6yU62o2A,km5aBHRss5ir_B0jvEErzQ,2.363723070339536
wf1GqnKQuvH-V3QN80UOOQ,fThrN4tfupIGetkrz18JOg,3.7900547010065484
w-_md1Qslb7r6098SHydlg,9p-cpmHaga-EXyc6ZzYCcQ,4.024225840897717
4pc_EyanaC3ARh0MZZyouA,TqUVH7Ox_3qEkCxCCS_l3Q,3.6344460777444167
qewG3X2O4X6JKskxyyqFwQ,7ZOTARscTr3opn4qLbbnZw,4.393991207769963
ACwBMSJzgW6vOvV7vOrk8Q,WAvBDsUGa_nzmcwfc42Qng,3.876432470318877
TrAnJWCaChe4F9rU8QGCNQ,DuMWyxL4DMcy5A8MXD_67w,4.027483636412733
CebjpVd3PsofCgotWp60pg,46Ld9Qc9nAx_A0jwclNZiw,4.2007495865025595
l-tDF960t9BakjyH34XfTA,3OKwP3ylofhDJDtWJQu5GQ,3.567308629149407
4bgpE8kMw8cQCaMin_dcww,906qsOYOdCxUHhJm5T5YrQ,3.513510618333615
DZMIRjbNLmoX34oU2pf68Q,-ed0Yc9on37RoIoG2ZgxBA,3.235706673458697
KCD6daAp293FoOUoTjT_YA,9IpKGHaPy3hhXo9g5Bt7lg,3.503469885040625
L8P5OWO1Jh4B2HLa1Fnbng,zqUSl5lvsdG4oLonqrMdOw,3.3622204413909538
A2N4y0VeZ-3TtmBVCSVVnQ,ydcNlRMKs93AQpOhVkSrGQ,4.403465099306673
N1TyFoXe4cUQ9E03fxiPMg,IoyamGmKao_hfQBvFKihyA,2.5405946422304733
tfcWQ_mKwgLkWu5pvpmsvg,WHHmwtzZoQbm2v9DbMlgFA,3.2032979471615923
No5P-cOQQEf0Atgc9Vi84g,5xYk23lz0ktdMvzHtohymQ,3.623880388689361
8DBH3BpLINfTAK_Up5BtUQ,DxgSVufr_6y_Rc63CC17Zg,3.971934865677476
Iu55D7RAAW8TACA3lN0w8Q,F-bdXFkJwwENiNpMTG2ntQ,2.8555263752549926
h9RUaaHa5kcQKqtJ-sgS0Q,iA8Ve2sZKN5Vz3mYKrtCaQ,3.219761866444391
9PODl32fViCXhN4NxBdGPQ,Vs7gc9EE3k9wARuUcN9piA,4.445393805764698
dRTZgTVahakFKkQJdyDX4Q,a-YTE0oKRdIq8GdQ97X-_Q,3.403415122649225
bvzwsK8u5i0Kvvyfy7aT1Q,b1WGIdd_oSwGYZtC769Shw,3.9287551954866338
YWFbTcVnun8i03XnEU7kVg,Kn23LDd740SBVJ7mum0fwg,4.071630534394631
-50XWnmQGqBgEI-9ANvLlg,2sx52lDoiEtef7xgPCaoBw,4.367010927616406
-UL3PJ8kUwmqBuACamd7Lw,E7Heu5iT3D1WsfxlFROgEA,3.8702217933639678
fcWM-oqjgS94yi1INhZa0g,zNOfHgMWZtG1vVA3Ca9fCQ,3.7544584690228544
xcBcIMVWEx1p7V8ACaeHpQ,vyEwNjo1MKKwt20Hcgr1dA,4.073239982672666
T5I9fwtXinCgUv92gFJ4gQ,5KcrEqWVHrkBH9W8H6cC9w,4.0161944389727156
zBi_JWB5uUdVuz3JLoAxGQ,vw81ARj4ihGzcmanHw6dUg,3.52145572345781
sXccOuVx25toGWS86hS4XA,d8lmIZIqmBC9oPM8y1dc7Q,4.124302032826318
ibom0z21KPu46kzMO2pqsw,pomGBqfbxcqPv14c3XH-ZQ,3.4069418116066323
hJqBNS5Tdo9Du-s3DDpMqw,v_yCY6NCwxCPIsNZR80UfQ,4.550184111602066
Kh0cFp8G0CPAtyphCKxkiw,3uIXuw878fNjxZ2Li1diFg,4.088298749909867
dLiY6m8-i-PQyfe4RQGQnQ,5T6kFKFycym_GkhgOiysIw,3.8882361536615817
AmMd7xpnaf8axS_roCBFRw,BxKe9Xt_fN6qBzrTofHuEQ,3.475286252949327
HTmMgR-wba0xSGSCZIV3kA,V6YcXm6mtKTjsYJxEK5HVA,3.153640426457501
SobGWhM_IAb4Kj_9HEpKsQ,Z4MvEVylnZPW_vddQc2Ihg,3.7093887318289913
D5YwD8rMx3f8gUFDp4JeSA,96puuUqlMC8INO36uLi0ag,3.633318758659255
7Vfy39A_totC-w70qZi0MA,J2QsTlzmRqOvHsD4aTu0aw,4.020811252868005
GtMg9Ooc2ykPD0OV5P3pzw,c-l4nDPZcEwapEiV-Xf08w,4.003253800939537
2xVrxhQJUBmOyG4ML77XKw,rtr3fSe2DIjjTkyHJQtCAQ,3.247147061625574
g3HFkZgloxLQCvoJ5Zs5gg,IB8zLlGraOg9LU7qQVLPyg,4.070657896921296
s5hemOR2IxcW-0MYA6hGug,AcCZJpxiPqyzKFjlwlwd0Q,3.4355359754598322
UAB1Zyg6Q0oEpXeYRf5K_g,0-jZq2P4eN7fRdt4Ls1QZQ,3.277486631999066
XrYTMhY9YJvzX2pMepIz7A,G4pt2q9Tr5SkwCw3Wb43VA,3.8831323598891165
QYobbHEmhLGuS6QDqVRTLw,dk7VpR5Xh7t28U99ASZz7A,3.7076566785818543
9yaA8hGIxFubvf1XbL9h9A,t6WY1IrohUecqNjd9bG42Q,3.573230885197091
eguB3eXzLRK3h40Oi0Iw3g,RRw9I8pHt5PzgYGT2QeODw,4.196042841522815
gUu0uaiU7UEUVIgCdnqPVQ,EnCIojgP5KTr1leaysFE3A,4.277999116677777
8DBH3BpLINfTAK_Up5BtUQ,Ks0M3J4vZAKsHPuCINz5fQ,3.64001117579292
zN7UEYPQwUQdDULm_pDWdQ,seDuOOv4W3_fgFD7iMKhKw,3.6376195712388286
zh8-XfjqlwAxf--RS4azzg,3n685UjMonF4fjBcILXkJg,3.208326390497911
