user_id,business_id,stars
wf1GqnKQuvH-V3QN80UOOQ,fThrN4tfupIGetkrz18JOg,5.0
39FT2Ui8KUXwmUt6hnwy-g,uW6UHfONAmm8QttPkbMewQ,5.0
7weuSPSSqYLUFga6IYP4pg,IhNASEZ3XnBHmuuVnWdIwA,4.0
CqaIzLiWaa-lMFYBAsYQxw,G859H6xfAmVLxbzQgipuoA,5.0
yy7shAsNWRbGg-8Y67Dzag,rS39YnrhoXmPqHLzCBjeqw,3.0
Uk1UKBIAwOqhjZdLm3r9zg,5CJL_2-XwCGBmOav4mFdYg,5.0
x-8ZMKKNycT3782Kqf9loA,jgtWfJCJZty_Nctqpdtp3g,5.0
0FVcoJko1kfZCrJRfssfIA,JVK8szNDoy9MNiYSz_MiAA,4.0
LcCRMIDz1JgshpPGYfLDcA,t19vb_4ML2dg5HZ-MF3muA,5.0
C__1BHWTGBNA5s2ZPH289g,h_UvnQfe1cuVICly_kIqHg,2.0
CLbpPUqP6XpeAfoqScGaJQ,QjZFYd5hme7EHegpuJngMQ,4.0
zDBOdWtl2PsNY38IeoE5cQ,gy-HBIeJGlQHs4RRYDLuHw,5.0
w-_md1Qslb7r6098SHydlg,9p-cpmHaga-EXyc6ZzYCcQ,4.0
U4INQZOPSUaj8hMjLlZ3KA,8tMy7yEeNVYylVVFRlPmdQ,3.0
CMu9FmdK8xpiawJowJuGQg,364hhL5st0LV16UcBHRJ3A,4.0
s2o_JsABvrZVm_T03qrBUw,Gen0ei06dGq13OJ8DRXUjg,4.0
DKolrsBSwMTpTJL22dqJRQ,RADloW1UROUn4FJFU4JJNg,5.0
aOseJnydZYD8Og00vWylqg,fNc1WuGwiT7RhqXUIe4S8A,4.0
I8_iXLcpYHAb_xi2vShgOg,LR0qF0FEVsCOhYWUOiH26A,3.0
renPzRDqMZpMaHiCD_e1_A,xTlmLL2xZZ0xhZ2J16zXQQ,4.0
MtdSCXtmrSxj_uZOJ5ZycQ,Wg9272hxpu9IBTXMTB6EeQ,1.0
sdLns7062kz3Ur_b8wgeYw,9S7RUjzkdpU4MDxUxkvLvg,1.0
_VTEyUzzH92X3w-IpGaXVA,X-b4-QvZLENnf3yFwhpSXQ,5.0
Nhk0jTP2gkU12G4LHJVR3A,FaHADZARwnY4yvlvpnsfGA,5.0
_VMGbmIeK71rQGwOBWt_Kg,IhNASEZ3XnBHmuuVnWdIwA,5.0
qtOCfMTrozmUSHWIcohc6Q,S_5VQYMMa4aD3NzgYLkvhg,5.0
YRvwnfOfpeXK76e1-pe5Dw,o_une30mUUXlFdcud-cqWw,5.0
zBi_JWB5uUdVuz3JLoAxGQ,iRwT2pBa87Y54q8nqfNAzw,1.0
EiwxlbR8fb68lMgEXhcWKA,EhIMjTklf4QPvRvMIhoQiA,4.0
4pc_EyanaC3ARh0MZZyouA,TqUVH7Ox_3qEkCxCCS_l3Q,1.0
KLB3wIYUwKDPMbijIE92vg,3m2XZFVraCiqjgLxHi5MdA,4.0
IuaAfrkirlfzY3f4PkgSmw,MdS6EHt2RZFpn9fQXZc9Ig,3.0
qewG3X2O4X6JKskxyyqFwQ,7ZOTARscTr3opn4qLbbnZw,4.0
Ekw7wuUTX36BtcPP6XnA-Q,RwMLuOkImBIqqYj4SSKSPg,3.0
N3oNEwh0qgPqPP3Em6wJXw,LNGBEEelQx4zbfWnlc66cw,2.0
_Pn-EmWO-pFPFg81ZIEiDw,dLc1d1zwd1Teu2QED5TmlA,4.0
ay4M5J28kBUf0odOQct0BA,b41zjWT4pzcTgNY04eKAvg,2.0
sBqCpEUn0qYdpSF4DbWlAQ,g8OnV26ywJlZpezdBnOWUQ,4.0
5AKt52TW50eWHk9Ia03uzg,wL5yGvlL1zXZ4EPJ8d0hIA,3.0
OoyQYSeYNyRVOmdO3tsxYA,s0vNtuLs1cwEqHTXKiS05w,4.0
hLVq7VSJBHZwqurwWoCmpg,4c19YWOjPmbFUK4-V2GEvg,2.0
iChrn349gyWB-8UGyn8a6Q,eoHdUeQDNgQ6WYEnP2aiRw,4.0
kw-YtOKPXrRB2a9wRZlmzQ,D4ETxxeNQEnSw_e1H46DXQ,2.0
UmTMCfPlhA6kJLAsLycSfg,f5O7v_X_jCg2itqacRfxhg,3.0
e5kg9bLvlJz-MEUrGjIeVQ,zA6gnF5aPBGoOm6uIbKt-A,4.0
Ozp9AQ9EOaw3ZQnVE6TDFA,0jHZk9RrKh0uRhTRW1XIqQ,5.0
2YiBYO8n32upYTJnpWgqLg,l_-4l8JwZbAn75Q1sfI7zQ,3.0
zvFeFboNMXqes2x5yqxpYw,hggVnGwA5042-ABxqeJX-A,3.0
PACS2nRQfwS7fYHNBL4ozg,h58IV-LbmpycdzlwVhUhgw,1.0
SDgrUDEdWNFBlC4ufVk1PQ,mIzlYJ0n8cXIHs1JiPN8kg,4.0
SCpF9u-OoNlHnmAsltiVrg,F09jtEb9KEph2L7Pbji5QQ,4.0
d_uSfozaAZR4OpDNa8IiZQ,2KduMkQeDDgVHwsOGoIi_A,4.0
FEg8v92qx3kK4Hu4TF28Fg,rkTFLIt_Z1bYMIuXfSyAqg,5.0
swqSj4zuamI_HFfPTj63Hg,n7V4cD-KqqE3OXk0irJTyA,2.0
XjyneOR2t_o12hSt-MncKQ,WXd7r6Yvjxhyo1L6R3lQMA,4.0
qd16czwFUVHICKF7A4qWsQ,t6WY1IrohUecqNjd9bG42Q,5.0
Iz1OjH-QHe-r9a7gm2sOLA,CQk3WJtULz_xOkUM6o7wpQ,4.0
T-bbNiVDbGVxxdbQX52KTA,V96iWEiPOMLOSQgO4x2rfQ,3.0
QyPcC88XQlXruvh5UBmkYw,gG9z6zr_49LocyCTvSFg0w,4.0
_ijx1PqANQVFLGNWCibdig,LOWn1xi9PfG2kxrUuC21nA,4.0
OmBHPdD3UhTeO3UHq6kBjA,bYGn37k0KgleABKMWgjnMw,5.0
lFFIpfkox55FQ-wZD6BBVw,vw81ARj4ihGzcmanHw6dUg,4.0
6Jbd0G-MyiXFXdPwMoEcZQ,cTbFJzHQzFSX-z3JF4abKQ,3.0
tL2pS5UOmN6aAOi3Z-qFGg,qsJkjQoM3Hdg6Gtqp2S9_w,4.0
SdXxLZQQnQNUEL1rGMOQ6w,Dy99p5bWfr6g0UtlmPjDqg,5.0
FmtnXwc_eyvpIv1Q1-bVCQ,kRSTvmQaiWB2Dk5dhxat7g,5.0
0QREkWHGO8-Z_70qx1BIWw,LpyndkMvevIQA-JHoReHNw,3.0
ACwBMSJzgW6vOvV7vOrk8Q,WAvBDsUGa_nzmcwfc42Qng,4.0
CapjGj9mWWL6P_eQChu-5g,xtDZdPaHwhAwoo77QV9Oeg,2.0
TrAnJWCaChe4F9rU8QGCNQ,DuMWyxL4DMcy5A8MXD_67w,4.0
BemKKkZBBmu9GupEwKBj9g,MTtI2bqoNHN_0m2cHbY2ug,2.0
j6Kv_wLQzZMWobLIyijX3A,VZbKJBbcxCOvuZyuEOojsg,3.0
mOVyk3O18VY5nrUMTZgM1w,nRo8ZR3UO1Kt6XwIMbMy1w,3.0
dW6bAWM1HbPdk_cGS_a2HA,WnLhd38sH80ViWwzyF7yoA,5.0
cJh4F1zFNJb2wXCNT1uNWQ,NdgsBrZKSsmCNBDfj_0L0A,4.0
kwIhn1_cnQeUaLN0CuWWHw,rD32POdIhGN9eR8aUxl-3A,2.0
B2x3kEXXo8iUdtS9FhGO4A,YCEZLECK9IToE8Mysorbhw,4.0
xq1zRJz5VHgEKiCaI51_Gw,jRxLnJ9my31Re_O2MvQGhw,5.0
5AlOIOMTzNhU1tSOtQ6mDw,BnpuVvPy3sfLlkqKCx6Xnw,1.0
BI-nIs6O-ZwldOaeK6iKIw,v_xuLfW7TXBsQctpOuPvQw,3.0
CebjpVd3PsofCgotWp60pg,46Ld9Qc9nAx_A0jwclNZiw,4.0
C2C0GPKvzWWnP57Os9eQ0w,QSS4Jry8zQv8yGfkUhsZLA,4.0
j55llTI5f_Xth68rqJpqUQ,bCa0CY4F74N5lCEVOquKkg,5.0
qmYullp32aXFUr8WMVFrOA,0KjY3gmtqQjc4sK-uG-6fQ,3.0
l-tDF960t9BakjyH34XfTA,3OKwP3ylofhDJDtWJQu5GQ,2.0
quDu_Z0-i9TCYvdHRnULEw,p8HvhJZ-_EHhmUVmZN15gg,2.0
3UY0P5vAPTavFNTqqE2nVw,azsyGov8GFJswGxcqIn71g,4.0
KgJdBWS3ReP6TVhYWJRKmg,WrKAFRFcx6GiLYR4Pshtgg,2.0
hkSiQAfl6w3882JJQzRTlQ,VyjyHoBg3KC5BSFRlD0ZPQ,3.0
tBeEt3o3ismz8fcQL9CosA,aqCOsEhjCHVqaFPRt8MCRg,5.0
4bgpE8kMw8cQCaMin_dcww,906qsOYOdCxUHhJm5T5YrQ,4.0
GKy2zJOYcT89OqT_Xg9B2A,E-wETrdq1uImd6lX6x8Qxw,4.0
39fTg9QkLhIKRY4fH8rvKw,anzCdD5eIEHwydTpXhLlUA,5.0
eDdQbUwwkoE_TZeqQ_1NNA,3BCsAgo_1i4xMuTyLKMLRQ,5.0
i8ZU6iDLP5r1dVUCxKVv6g,u-3wk-2mnsjy0YIoEg_XjQ,3.0
zgV0ZroIF956gw4cul8MHA,66VUcHJlDmRANxSb9skvMA,3.0
gtwM4ijo65AN4DvXdgCu_w,zWo2a6QPIuC-sSJURJ02Hw,4.0
DZMIRjbNLmoX34oU2pf68Q,-ed0Yc9on37RoIoG2ZgxBA,4.0
8c3XuWaEQwzbV9AtiXB8mw,S4NHg4GZD35HzzibJAxXDw,3.0
ea3HFxRRo4gZOmlDle8IPA,rKBqoXbY70awQP6p68e1_w,4.0
o-5MEqwSsiHKiPNL09e54g,q5xrVJ4kivx_yEfJeOKNYQ,5.0
_VMGbmIeK71rQGwOBWt_Kg,68jn0s0snbO5dhasLaVvDw,5.0
B6cG3i52V1kaWqS2GyVZiA,kfP2LXyH1misyw3wHEOneA,2.0
9W73B44Iw8WslrTNB2CdCg,3uOxuJUnx72b86-3NKhX0A,1.0
C2C0GPKvzWWnP57Os9eQ0w,RRw9I8pHt5PzgYGT2QeODw,4.0
UeYLQxnzX2Al3UUkEmWPvQ,rFRNjwr6Z3r4agQG-LtluA,4.0
6BLLyZDiR0pb-h2E5qvLXw,ejcVeQztxXY6NX2O2SE0Rw,4.0
YSGUCqerQCEHOL8HdWxAeQ,bQ_wtZvMb__OhprY5bF9aQ,2.0
mswloq-IjRr9yXLhBqBPAw,8xTuXU5uZ85WF-ZGqDNv_w,3.0
I-4KVZ9lqHhk8469X9FvhA,qE9yIXn2GQb2-4a_qOOKzg,2.0
d5WLqmTMvmL7-RmUDVKqqQ,7q7qaGPUUCqMljdIGwzvFQ,4.0
Hm0diOkWwpo9zotlJlqMUQ,xuAY1qnAMrzkNyTd0K0Tcg,5.0
8oYMqhC5fhqAK_yxRjE7dQ,uhb7nSskHRm5RFbGkGlGwQ,5.0
s-591-mtIyP7F1Lffw98jw,J4CATH00YZrq8Bne2S4_cw,5.0
L8cvMZLWmM4qWTl9SkxJ8g,i0rVOregYLFcp7C1RKoE3g,4.0
tX0r-C9BaHYEolRUfufTsQ,OoI3WUe4Xl86d53avy3oVA,5.0
LnX7-WmpML5bY6Fzlz468g,IZrGUQHkxOxyDmifE6p7bw,4.0
7_wgKuMhwGVytCKd0uf8jw,JjsmIYvWfqwx8qkVK_QCeA,4.0
XOgqs74hkbXT54mSp7JMRA,i2dnic7VdQ3NyiQQWUXHbA,5.0
M4yYtAXehUzaHB1ghl6EXg,MpmFFw0GE_2iRFPdsRpJbA,3.0
KCD6daAp293FoOUoTjT_YA,9IpKGHaPy3hhXo9g5Bt7lg,5.0
3RU_U3HdYU3AOs_r9rgoBg,DD_dSlQKcln7VXbN1qxcLA,3.0
ET8n-r7glWYqZhuR6GcdNw,w4a6TuFWArSc29dB51rPNA,4.0
L8P5OWO1Jh4B2HLa1Fnbng,zqUSl5lvsdG4oLonqrMdOw,4.0
A2N4y0VeZ-3TtmBVCSVVnQ,ydcNlRMKs93AQpOhVkSrGQ,5.0
DPtOaWemjBPvFiZJBi0m8A,r8Jr-7YfkhJL2nxk9lxUNg,4.0
JeIVRtZiwUnSP9qR4AmfEQ,_ucDskZqK5w1QHkoA_nlRw,5.0
9eehtcnYhZAHug1uMI6iRQ,dp9haMgS5RZ6i1kQq_oS5A,5.0
PACS2nRQfwS7fYHNBL4ozg,C-oKwqnAPa1KJZhMOox60w,2.0
fkMiipV4j_DG5nSoBnZvbg,a4MVM9E9022sYFrrYWy9DQ,4.0
N1TyFoXe4cUQ9E03fxiPMg,IoyamGmKao_hfQBvFKihyA,5.0
lOu5t9HG51UDqm4ahVatqA,qmIHO-6T_KEfPC9jyGDamQ,4.0
8IHKoDdowAkISIKzypvObA,i4SZYnZOM984FpkJXnzcvw,3.0
WZojlBpeuNhNew_EjB7GLA,m6gNvwtzo0BfD048l0gIaA,1.0
fmzIm7RxEdii5Jz44PtO7g,BMR_AsSBzTQHqW-SQabI4w,2.0
6mYfeB7ZxsgNq0Peyt_eFg,Fkj8vJocYilePMZv2y54WA,4.0
g8E-RUZZGAHwnQoelG1K6w,vgA3g9yQDQSABsxmQLtDkQ,3.0
njUgJcn8ZN0BdZdNEswRwA,pKk7jCFIm96qDdk0laVT2w,4.0
zBi_JWB5uUdVuz3JLoAxGQ,50tjBMTlIbFBxjTRXAVZHQ,3.0
E57wz7vsLNPtRPYmYqI1ag,RQu_Bv7EFf5NKMnh_3E7Ag,1.0
nOTl4aPC4tKHK35T3bNauQ,NOz8W_cUV3Dw5yLgFkKLGw,4.0
90Go9OZhKs-5jpagYY8N3Q,a9k9MQrr5KFyMD7_Lnwrhw,5.0
tH0uKD-vNwMoEc3Xk3Cbdg,a0v7Si0DK4cIko7AQY4YXg,3.0
togwFqr0eHwect2P2eZXZQ,YkOCo5ipV2he2WXIAlZb-A,5.0
Xsyw11gZiltqWL5RvWGKJg,sKA6EOpxvBtCg7Ipuhl1RQ,5.0
-Y6tXYPYqeVy37-L5p0rMw,-igpUhnA1b5iUK6rfAtuPw,5.0
SaSXRzjHx3SMTNnW90PetA,Md6NWl54ny8hA-NVaYZuew,3.0
tfcWQ_mKwgLkWu5pvpmsvg,WHHmwtzZoQbm2v9DbMlgFA,4.0
OfdX0DGrAET9jqn_7gkXww,rTS8LsUmNIiXsXydE49tPA,2.0
No5P-cOQQEf0Atgc9Vi84g,5xYk23lz0ktdMvzHtohymQ,4.0
IL1-dyCe_zSqhmt0ExL_Jg,zJMnVbXUKOFkZEA2dCRsKA,4.0
Ryxj0u0AW3mRsRypdYli2A,BBJ6Y9Kb2-luoBFBfc8o9w,4.0
USpN4MpgR9RpwT7eKUA3aw,zKqWjDZHo-lk7_E3hHkORg,5.0
bLbSNkLggFnqwNNzzq-Ijw,87bozyZ6vtlEDy33Ek_fZw,3.0
S9dDf0JqSMAvusp5f-9bGw,m97jaBYRscg-hqDjMVIIWg,3.0
8RcEwGrFIgkt9WQ35E6SnQ,VZbKJBbcxCOvuZyuEOojsg,4.0
vEXQPLOCIgYoNXeekjL2aQ,yQab5dxZzgBLTEHCw9V7_w,5.0
P7S6JorjpamxAVSvmrmjXw,0sPOBQHlVvuhO1h-1p1ccQ,1.0
8JLanHhH2dON1aUPWN_jXg,AbgNPAnuq8X90DUw5FQ2sQ,3.0
97j2wkFU46OOgm6ErRAb7w,Q3nButmAU4F-v55S5I3vEw,4.0
T7ViOhR3tLnvQharoopLXA,mk7xgXuTVMfv4sH7GD2SoA,4.0
8DBH3BpLINfTAK_Up5BtUQ,DxgSVufr_6y_Rc63CC17Zg,4.0
Tnn_sY9W24ho4Kw9uwuK6A,11fdZ98T5ddYgc12bp99PQ,3.0
vXrUBAIN4aoCt7F5p0kU_g,JxKWfZ6hG8iRnK8QL65jTw,1.0
O11n5wP5sq_NtxEGF6dwMA,4JNXUYY8wbaaDmk3BPzlWw,4.0
Iu55D7RAAW8TACA3lN0w8Q,F-bdXFkJwwENiNpMTG2ntQ,3.0
h9RUaaHa5kcQKqtJ-sgS0Q,iA8Ve2sZKN5Vz3mYKrtCaQ,2.0
uO1w3qNo21c1bVHHFTYW0w,N93EYZy9R0sdlEvubu94ig,2.0
RXSFT4K09Ta6oTdrvFGmCA,A5Rkh7UymKm0_Rxm9K2PJw,5.0
9PODl32fViCXhN4NxBdGPQ,Vs7gc9EE3k9wARuUcN9piA,5.0
HPtjvIrhzAUkKsiVkeT4MA,8YG7PRoZuHeKii0rtNvJFQ,4.0
utS9ZAswZZx3QkegS_25SA,9M6eqYZlyBMo8K9QztXcIA,3.0
qQ4bfJmrfK0iWCZjl8cavQ,XlZ2Row0pszDilc5WmXiZQ,4.0
FH1zzokLaW3C7meH7HQF9A,476CROJauLg6CtssqHRxmA,3.0
5Wg5OanfZ4-2dCxEo-qjsw,ZtsnwjxjzMUI6tDZNrJUeA,2.0
Eta0tfNygqtTomlAG-I3yA,yV7f80Nw8nJGilZpRnS6HQ,4.0
PKEzKWv_FktMm2mGPjwd0Q,t33qVzQ6AdSiq4lnI0KOyg,4.0
zCnJQKvZgET4llBbJD1aiw,67Pa_CtXthgJzXfY8JzLDQ,1.0
KQ9TbTOBwC5PTX0HXq1Tng,NvKNe9DnQavC9GstglcBJQ,4.0
K86nuyuxpmPl_t2V-H6syg,QFPS9JBNdOOHVP0C3pSslw,4.0
sKVIL6VYjuAaO-hiS2rzTw,XKPosZx2j4RHcZ8Ewdwj0A,5.0
ajxohdcsKhRGFlEvHZDyTw,VUtazCTIc0aoOrQprP_s-Q,4.0
AvcMbSFslworZbsU6tjmdQ,ehUN_XAWr1ePov0jtgv0Lw,5.0
T13IBpJITI32a1k41rc-tg,AuIiqDeL65kczmiFSkAWrA,3.0
sa5zd7bwBQzajQB48Y9SUw,IT_4EEIbv6Ox1jBRMyE7pg,5.0
e3fdrK1tMCwWLr76LFe-cA,cUwNW5NEua_yMcAx-X2sMg,5.0
dRTZgTVahakFKkQJdyDX4Q,a-YTE0oKRdIq8GdQ97X-_Q,2.0
HhYUDP1vR7CSRi2cvfai0Q,n-n2l3VyENfM6nr8IXAObw,4.0
8ydnqYbyrsl-Ri0TRxgSjA,Qb4sJ4ssSX1clY2wEAOmsA,5.0
qewG3X2O4X6JKskxyyqFwQ,SEjyjYlMfFFzkHaru6JadA,4.0
UetOIhAdPBkGjm_o-mSC3Q,Eg_M8eeu9SDEdbP7iUmVbQ,4.0
T8fSuI8CXWOYZfgfm4QshQ,TZmMsbw5TbRqv8rmKj_aGg,5.0
idkiOWam_lobHnIeZEs1rg,-JFVxwdVQfX207554dx1nw,5.0
WWWWYNDG16P4Pha80srB2g,Ejs--ofQoRyAtfRdUFuFhA,4.0
Bg6_SkJh76doBuYhrlARYA,jPsYewglXykobaR7F14Ykw,3.0
B7_ARdKo_GT-gjCSRGErXA,Oy2WnPyiOlPFvPKMIuOC8w,3.0
bvzwsK8u5i0Kvvyfy7aT1Q,b1WGIdd_oSwGYZtC769Shw,4.0
6CzDXsYJNXLLbmDAaES4tQ,WMpXWa8iiEaDzb4vLTZjcw,4.0
tXhscxwFTd-ayLTdPx_2yA,-kG0N8sBhBotMbu0KVSPaw,1.0
kyZ2FNiDYn5Soufpz2c3Mw,i4l_Qr_zIz6PgyDktkf5dA,3.0
T88y73qdOSutuvzLlhWtqQ,Y-S2LhHefBdnX8VP5Bh_JA,4.0
oWxy_YR6n2w8e9L00hxhPw,GIPY7lBIIY8ITSfu63q-YQ,3.0
YWFbTcVnun8i03XnEU7kVg,Kn23LDd740SBVJ7mum0fwg,4.0
QaN-nccbLZPWzownQYgTVQ,XS1Zx6GzjtKPKmhDuVw5Jg,5.0
dD5vTDPzv_79m8_zZhc9hA,D3MfMrIoNV4_aXPj0bi1BQ,5.0
b4ZbEEDbCPT6pVT4ImJU4w,uIovmfzrCcJIlzfbpj_hzg,4.0
hLVq7VSJBHZwqurwWoCmpg,JFaTPxWQC14VmFnXLv7W1g,3.0
e3c6w6sM8sJ_g0IlF6CSog,slx9qstc2U2Tc4s7dzbbBg,4.0
cLFOKo3WRtsK4oB6yAPw8A,B_WggEKFq-ZFNui8CHPYvA,4.0
xrvyW1ruKS0uz9RtFewC0Q,e2ApirIzYID9xIye0r_gKQ,3.0
ajx1YQYaSiF_tBFaaP7XKA,DsAZ2gzuGK9_wKzMiGqIjw,4.0
BvZ_u2z-qILTXPtVNblklQ,y0x795PyDX8JL_oyIaTUiQ,4.0
-50XWnmQGqBgEI-9ANvLlg,2sx52lDoiEtef7xgPCaoBw,3.0
-UL3PJ8kUwmqBuACamd7Lw,E7Heu5iT3D1WsfxlFROgEA,3.0
DkLSyxogCcJXY5DbTZ-f2A,xOXImYSjz4Sa0oYuml-ldg,2.0
D4Yywoe-WrRw-evn48vWng,vchjO0Vs5FwW2tpFnCimqg,4.0
LiNx18WUre9WFCEQlUhtKA,lOKgoQtMhnlf6hWvrOiMtQ,4.0
96q951DUuDC_Gxm8Yq9-AQ,tDXQBKBKN-4kJnCL-BqRbA,2.0
DOajn8AtMjNtCZ87YoIlwA,rgnvT2gHHfW_jW1ZbIa_-g,4.0
vWP8-aQX0rYJszqkWVL7Ew,PRBSiB7ytkLKHVZoBYPxpQ,4.0
2m2MNnlOdofofmUs-hYTJQ,jYqOPpSmtKbKzf0Z_g-Oyg,4.0
flV6Cp3M2vHcqFBcCrGS1A,Hm2YntlJzqP4reNZRlkCEA,4.0
Ahix-3uCOXmeaTUv0xF_zw,qcqDjeirxvdgW5kQVkEwSA,4.0
DeXKbQYNx52OlOizobOLJw,mnI_n7A8sxgOSmtgI3wzQQ,5.0
yeX7tzZZWCnphQifRJglUg,x9SL1nCaUYM4JP91UrVkxQ,4.0
KAkd4Wkwo846cbUxsyPgkw,UdHRPszFOKuVs_8ZplzUhA,4.0
0hZfE2He1YssM_wEvKhfcA,XhUec_6-kgPy1_ZYUrzvPQ,4.0
TYiDRwfIUBEos45ERdzeAw,dd3GZs6zW2t7BM0cbxAzvg,4.0
QRsuZ_LqrRU65dTs5CL4Lw,YJ05ntGlszxACOD5zn1YjA,5.0
hAmZmC48eCWzX3ggBD9Qcg,IVKVk7ZAPdQi6S40UX0zyg,5.0
n86B7IkbU20AkxlFX_5aew,mgc8BmE6Tdt4MVOy6siZoA,3.0
bEhO6RG2rgf-jFAv0th0gA,g3g3dWFoVSYhXQTs4ctGyg,3.0
AiTNSDP-Jw_ko26pFsbW_g,QHZw2L6LV1qmExNJbfhIsQ,4.0
rAa-LxHwU8IP989kvMUJSA,leZNWLccyBaXpPIRPK_lsA,3.0
bHufZ2OTlC-OUxBDRXxViw,w5CSi-An5meLnxjKSFn0wQ,2.0
EiP1OFgs-XGcKZux0OKWIA,4nJWUXQqm8vxubgC_0AcCQ,3.0
lsLuVKmdh45yommr53zfRg,T8-13dD8mV2qUI53wsUL6g,4.0
fcWM-oqjgS94yi1INhZa0g,zNOfHgMWZtG1vVA3Ca9fCQ,4.0
kmE8w5Y785eZmodsx0V6Ag,5LglLdziapvddMigNEAD8A,4.0
kXt6tPSGLWhWTiXO7XPjuA,-HgbBv9Yjqv735F9fwCZNg,2.0
6nSGen1iDqt5r97yxEFULA,QvxBnMcBPP1z_NAIYCqqdA,3.0
BwwqlPVsJk1dbUyNwCWB7Q,XrcB7Of1KfHlkeXYpHLIrw,5.0
A-tUZUgiMNdHeO171rRQdg,7SJoMX5ti-VoEsEW6mJLRA,4.0
xcBcIMVWEx1p7V8ACaeHpQ,vyEwNjo1MKKwt20Hcgr1dA,5.0
CqeLXgQUpMZNbz4GwBz87w,ZrS5rhJ4OvXQG_38wPEWlA,4.0
T5I9fwtXinCgUv92gFJ4gQ,5KcrEqWVHrkBH9W8H6cC9w,4.0
zBi_JWB5uUdVuz3JLoAxGQ,vw81ARj4ihGzcmanHw6dUg,4.0
_50EXPLguCJR8o454dtD3w,rn6a9iHooc4qM80mshJxCQ,1.0
yP9UmCxs1PSqljLfpR9R5g,YU2XR_ZY-g2VzDpi7KMzEw,3.0
SlgpAnj2gQd44EM_Uq6DkQ,S3kcGHznDcyzsxkOhSZeLg,3.0
NUtVG7jNPLJR2cxMXMH2-A,338D7EQfInzHV8Ve1b0-eQ,5.0
HJj82f-csBI7jjgenwqhvw,2zrBUJJG1FqZ3X03w-OqIA,2.0
NWptkEoaBCDoMRUlisMu6Q,T3ASfec34b8-uYr3xZj8Lw,2.0
8NNaJaSD60s1rDHPo4laNQ,yfxDa8RFOvJPQh0rNtakHA,2.0
sXccOuVx25toGWS86hS4XA,d8lmIZIqmBC9oPM8y1dc7Q,4.0
TyA_1wJ_irey_D46gfdppg,JmR31zZjh1yeNLAGjhW2fg,4.0
t_9U_94WuP_HUSEXnBgL1A,rioQ_p2pILNbJ4Xp5jW6-Q,5.0
a6edJQpI-MEg-OUTKDp3HA,Ur6qSirXUZQgRMumvXJvrA,4.0
k4M43lXJuQMpQW65DTqzIQ,C-u6Ywuq192icOblKm6oKg,4.0
PomQayG1WhMxeSl1zohAUA,EIeU3coTP9V2qcmHhr60Yw,2.0
3rsZCoTmr8EM7DwtGm_RsQ,jyWnalvlMFz5pZPXN9CRpA,2.0
WoKCLSctS7G2547xKcED-Q,YAci8e4YFgaVYyI1mDpp7Q,3.0
zBi_JWB5uUdVuz3JLoAxGQ,1jpYP-JNOEYCMIzP4OlGuQ,5.0
-2gOxVWcnBr5DclrrsWXCA,km5aBHRss5ir_B0jvEErzQ,5.0
B0ENvYKQdNNr1Izd2r-BAA,iUg-giEl5nINQoc6yau5yQ,3.0
ibom0z21KPu46kzMO2pqsw,pomGBqfbxcqPv14c3XH-ZQ,1.0
mYJW4-M4tcRygSwdT3A6Ww,qFAw6wHMMcr4ctF-ZdGhEA,4.0
iB3iW2re2A4LQEFcpXExFw,7zec5DCEukcx8GRFn9LbLQ,4.0
O5uqPjm8MLjFqUmbSUmnww,OBGLTac74G_1Pt57M1sIhQ,5.0
hJqBNS5Tdo9Du-s3DDpMqw,v_yCY6NCwxCPIsNZR80UfQ,3.0
Spgm6HFWgc4YXJlbhg11Pg,zpoZ6WyQUYff18-z4ZU1mA,5.0
9VRn47SH71kNkCKotY-anQ,aYjZc-3aVbPIPaJgGiUK_A,5.0
Kh0cFp8G0CPAtyphCKxkiw,3uIXuw878fNjxZ2Li1diFg,2.0
dLiY6m8-i-PQyfe4RQGQnQ,5T6kFKFycym_GkhgOiysIw,4.0
6VnttIA0M92-d78bd-szwg,oeQaMFH0VoC2b_24x0smMA,2.0
4krT9JxgkdxLKo7slwOKkA,6B9efpi2tiublqt8NbjyIA,1.0
AmMd7xpnaf8axS_roCBFRw,BxKe9Xt_fN6qBzrTofHuEQ,2.0
tRZAC_H5RHrjvyvtufcNXQ,0-8DTqVaY9RJU0PAWD2l6Q,4.0
8PVrN-By9CwpO1HLoyOhYA,Lk2I8GTjKLd_R1drktNWNg,3.0
ojMIkHP9M07O9SWOSggsRQ,Ye4uQAkfHbh8w0cCXCCLjQ,5.0
YJLlvBPtvB8iJg8_WKxVzQ,nyM76RUyFzekHHmYEU-KBQ,3.0
y3FcL4bLy0eLlkb0SDPnBQ,7vHvQCjPq5pWj7Rio1A--w,4.0
ftttLxXB10LtHJ7v0j2hDA,F06m2yQSPHIrb1IT7heYeQ,3.0
yKAIxV3KCxBKK5ezsry_0Q,XQJr9_jZR1vOoZVcZfDDwQ,2.0
A9PzIlg1jlezCcpuN9V8UQ,B9c_0pMFuDN6y6934MsmZQ,3.0
PkRFSQgSfca9Tamq7b2LdQ,7Us3dn3v9o2xMSXA6qztLg,2.0
w3UMfW-XuIyKkgXEvK8N8g,DYAorbxOyubUB_wtQRCdug,1.0
MiIhPqbV11A_rmDfCjVL9w,rxA9c0_XObabVL1WCTA4FA,5.0
fr5efb7JrVpFBF9q303NVQ,ag8gM2YKZkjndCvl2ti7kQ,2.0
s4cki7AiOrOjb5r-ZpbJUw,Vbi-yg7XvK3UhubyElaMHQ,4.0
6s7isj1OHWg6vQKa7YtorQ,JVbhg2uUmjp0Acs72gP7rA,4.0
kmE8w5Y785eZmodsx0V6Ag,ZjSzUWHtnpCfjsa7CksSOg,4.0
FTZyZbr1eF7s3Ss7uSLcXQ,Oa6ICL2LhQsaKMxaFVzrNA,3.0
6KUA3-IfHoAhQ3FL2djQoQ,OFdMlXxtkU_nUh8jJ4W6GA,3.0
HTmMgR-wba0xSGSCZIV3kA,V6YcXm6mtKTjsYJxEK5HVA,4.0
EEmb61yI7Nit55CHflV0Gw,v1AE1LLWDOqe8ubOzqKADg,4.0
nF2TR0yfB2tx3VzAMvdlgQ,n-Muw3wnU-INyXkgPtZVVg,4.0
qeemN4slMyao8ZE6Pc9Iww,q-zZgXKAQFLEgMp9ZNllgQ,4.0
1NbFusAiFMOLT1vOUyVr8Q,wlcHT4d52xh52ZsIxxuGFg,1.0
SobGWhM_IAb4Kj_9HEpKsQ,Z4MvEVylnZPW_vddQc2Ihg,5.0
6gLAjpSE6Cw092SGqZliNg,RN3iw6o5FZXRuZfjI5ojFg,5.0
HWonvGt2a73y_4_1xNmxCQ,5LtZLznMWTNsciWBU3zg2g,5.0
G1J-MuWmwt3PMfkSga1k-A,YIYE7Zk61McLaekLFluzTg,5.0
jcriwcTidug0fK8sgAloHA,3BA3Ro7GcZb1N_PQW4m1dQ,5.0
DaUJvHMmKoDDT3vB_ltJ6g,-nyNzdge5rgZ3aQF8Y3exQ,3.0
5mkRo6VhwdYQ0X2qbBFE_Q,z3bUwDC1wUPGeIB8Rt90wA,5.0
ELfzWgdf64VBLi5z1ECItw,y4ETe3DkcIjjr_eyeg5U5g,4.0
fxrQSMhHlBv6eJVRdchG9Q,SVFx6_epO22bZTZnKwlX7g,2.0
zx5rdBK9NFZrAglIXF1LiQ,3T0Erqk1MKtN58764yZMfw,4.0
YwaKGmRNnSa3R3N4Hf9jLw,oxwGyA17NL6c5t1Etg5WgQ,2.0
XPNiTbrKL7f0_6L0lrbZlg,HxGBySw5WIapBu1M8WWcbw,4.0
AvC5XQAElcGAAn_Wr5auEg,fnxKfHf-ANBph4EqVARvQQ,4.0
NPZ113YIXy-nl0aQ6wOvww,jt9O4tqBb-a7encP9ZEGVQ,5.0
EtxsD-Jbyxh7TsaWHtGCew,vSmNFEGb2Jr2wz6aXJofog,4.0
rCWrxuRC8_pfagpchtHp6A,nkDSE-yhvLX4ij5fSzvb5Q,4.0
ESSWEfZZp8vJpldwp2G3bA,PYUmLq7FkBbMyfYyHX1waQ,4.0
Yc_DAhEc7maqaRFli4T6yw,46Ld9Qc9nAx_A0jwclNZiw,4.0
53bZ_EsXH71L7iFs5MP9_w,1xO2LvScpcMfl2BNm1aISg,5.0
XEqQG61fetXhuEV9RPslIA,x-PjsebOBDnbClUfGMMv_w,4.0
eqWEgMH-DCP74i82BEAZzw,SFT8rW3yzDpAJTT25msYOQ,4.0
7cHcDwzMSJMRaI_pgFNeZQ,l07ctcrDMV--TYwe3uzebQ,3.0
XPNiTbrKL7f0_6L0lrbZlg,KskYqH1Bi7Z_61pH6Om8pg,4.0
wzItnkHTHKNqJESMSTEYJg,a5mpYojV1dX7XCkAa1qq1A,4.0
P5uRLwVRpv8OGv1eEvpvhQ,QW6YN-F4ikGWzEey8yi-OQ,3.0
cIbbfJEGLB3B-c8Po4AL5g,JOoblYsQjFT-47tkt6om0A,3.0
ejzke1gX5spaR-NcrGMn3A,YJ8ljUhLsz6CtT_2ORNFmg,3.0
bLbSNkLggFnqwNNzzq-Ijw,8R7jI_E1QQjLwTfkU4V8DQ,4.0
wxQCLMnuVYbdtmQCc2ryZg,HgdFqAvK31fB9sgBdOzo9g,5.0
3nDUQBjKyVor5wV0reJChg,C9ImzBi5fn742ZcAYDww2A,5.0
6tbXpUIU6upoeqWNDo9k_A,uRybQLCYWkC6N19MhaHf_w,5.0
D5YwD8rMx3f8gUFDp4JeSA,96puuUqlMC8INO36uLi0ag,3.0
jUZW1alRK8QvdZ-pH1OquQ,KuyB4pILxj4pKHvbY6CrJg,5.0
MDeA-Gx8NScCyAdziq7IeA,czJKX4DmZR_1JeRmPcnmbQ,5.0
aiJVlwMp6_3_IFmQnrgSTg,LjOBNcNNpuewBqSPxYYTJQ,3.0
7Vfy39A_totC-w70qZi0MA,J2QsTlzmRqOvHsD4aTu0aw,3.0
v-R38AMN2ZZgr_iszlgc_Q,0MCXyrNQGaqdYBcAwh3anQ,4.0
ZLS7cwa1UplSB8nRrwrHIQ,MKd_EUD0PG__cOfIbeqYAg,5.0
erJ1HQwavgZx4996SMIxrA,LkMtMHVetws5_7QfRjPtlg,3.0
QJI9OSEn6ujRCtrX06vs1w,ZsKWULhwwB61RHzCrb1i9A,4.0
OoyQYSeYNyRVOmdO3tsxYA,A5Rkh7UymKm0_Rxm9K2PJw,4.0
GtMg9Ooc2ykPD0OV5P3pzw,c-l4nDPZcEwapEiV-Xf08w,5.0
2xVrxhQJUBmOyG4ML77XKw,rtr3fSe2DIjjTkyHJQtCAQ,3.0
-57uOzAWlx__p6QlX1pojA,iSQwKRrLYYi-dI2PpJmJJg,4.0
XrYTMhY9YJvzX2pMepIz7A,5aeOewSy4RiI8sLLWpeNGA,4.0
p8eHROuRDiStavK6iEkS8g,Zrh6UnmVBFa8KqDD6oTmbQ,1.0
82dCHyU-ANOgdhxUgZsUeg,WUq8HJHIZU4uteB154XN7w,3.0
T78axJ1cQbBg5f5bz4tn1g,CauQnqZ5eowyrr7oWF_p3Q,5.0
KEAP--MnBZtQ9kjjMU-RiA,0zoXYHq82haayMaV952jEQ,4.0
57tf_RmT5o3BiFj2gpV-Jg,NCQsIvDF9e-bNyPwKJOUBg,3.0
cuCf5ydDSmXAgAeCf8ELtA,A5Rkh7UymKm0_Rxm9K2PJw,3.0
g3HFkZgloxLQCvoJ5Zs5gg,IB8zLlGraOg9LU7qQVLPyg,5.0
tH0uKD-vNwMoEc3Xk3Cbdg,ZV3G2LxpLLuZOFbn208Z5A,5.0
77lef7kKkoOVupY-7AmieQ,409qhf4RF0rlxcuaM576Qg,1.0
cCpiu1GqdzxlvANKuiAp0Q,lOKgoQtMhnlf6hWvrOiMtQ,4.0
MyFtpeGsV4z3zvFBnfGIvw,2gCvukOcIHW4ehqpwoNlcA,5.0
s5hemOR2IxcW-0MYA6hGug,AcCZJpxiPqyzKFjlwlwd0Q,4.0
2oeFc-L1Ow4UC_j_VOS_kQ,rgohunOzrrrgdZcxkQzCgQ,5.0
UAB1Zyg6Q0oEpXeYRf5K_g,0-jZq2P4eN7fRdt4Ls1QZQ,3.0
BwFEjsr9yLqdszAmAxFYQg,FaHADZARwnY4yvlvpnsfGA,4.0
69xsJFjiOAd8Ld7WWk_tEw,9yrAfE46k-_kqg4ULHu8Vw,3.0
XrYTMhY9YJvzX2pMepIz7A,G4pt2q9Tr5SkwCw3Wb43VA,4.0
T76-jKiHe5Fz5qTjQQlWoA,ZLPAP1YKL56ODigLn4wd3w,4.0
yT_QCcnq-QGipWWuzIpvtw,c35qzLN6ItDpVIoj2uQW4Q,5.0
ciS2XOo391iRUR2DUmSEWw,h9r-Uif_y0b6x80IJFzXLA,4.0
oEqB6qGiV2K3q8g2A8rfYA,wzYlLZ3v4FBcUTSA9b75uQ,5.0
NhgU7RhuYYFmpkb1jlYJ6Q,Ec9CBmL3285XkeHaNp-bSQ,5.0
r7GHYNcXMwCxd5SIHNBsAQ,KxUczoGoAwkX9mSHwWlUAw,4.0
RqTl3f3ZIhrjILKJFCEKDw,HeXqhdzNR2mn-Ez4PyWcTA,5.0
pzMvoRhpuwwC3jHZtZSCeg,54WM5coZonA0izd2y04p_A,3.0
QYobbHEmhLGuS6QDqVRTLw,dk7VpR5Xh7t28U99ASZz7A,5.0
z2YVGKKcup6mjQmDQ6arEg,VgWvHMs5TJ2lr0ec2DaMtQ,3.0
fZ7fLMqArGTemvXPH9H3FA,Q5QaMU0BrMVSOkXa9ZQ5rQ,4.0
o2_eBLxCdS54IcSEjzGrZw,A6bnXx1see4yZSaVVCVDyw,4.0
qWOarY5fsrVi2zdWmk30QA,wfCNNMkeJcpWr9jj1hcdAA,3.0
9bZRfbCsuqatVXJzbYSrzQ,rUv5UqvD7d-HMV-Ib1jaTA,5.0
PBV_oQCoABX958-zjiLGwQ,sd4BuC4Om6WuvnP87ZS8Og,4.0
PdUZD_Vnlfe0msM93tZrLw,QteBKpZTRa2dJ3u7MLiXww,4.0
OLn8EvPsu4hNug8V5PF2jA,DJXZrIi4k1Iyd1mQRwxIMg,2.0
9yaA8hGIxFubvf1XbL9h9A,t6WY1IrohUecqNjd9bG42Q,4.0
SJQTqW0Uf4V9MNX1ogtw6g,wY3dlpLa0BHfDENYAPYuZA,2.0
NjNJ1JLnMlOfnDI6Oz6Qew,Vay9xHwcvu7VRZOddBgn-A,4.0
VlcasgkqiTuPi-nVT7rEtw,OgANEur7Bt8YJSd2uSm6yA,1.0
m5b84-nPPVNLlDtZyVGZ3w,hjDM6ylmxALkTdKMB-aybQ,5.0
eguB3eXzLRK3h40Oi0Iw3g,RRw9I8pHt5PzgYGT2QeODw,4.0
W9C7l46Me0iuzbio_0BhdQ,Yiz2cRBakfVUOHsThLKyoQ,5.0
KHR6p9KJ79De-ilLI9yb2w,fJvY-QjDY1ZWWArjx9rRIw,4.0
gUu0uaiU7UEUVIgCdnqPVQ,EnCIojgP5KTr1leaysFE3A,3.0
AvC5XQAElcGAAn_Wr5auEg,qrPbFiwRT5F_4HLHZVL26Q,3.0
t7oIAwdWbrZCHeaQNqvNIg,02eH78Tc5Cxxy-CIqhzx-A,3.0
P7Qt34VblZupUifRJ_5hbA,_V0yJdpXrbdKzBDoVSJGWA,3.0
pZsVUkMb4yGMGoTRzNS7Ew,sXg2NCfiCqK_X_4R5NK_jQ,5.0
qp-z1copnYQq7NPubYlNLw,lOY5UWReux2rfd2HtASifw,4.0
BCy-Hut597GtNvlnx3pB4Q,sUMi2q41l4AzOsmJMRY8zQ,4.0
WHmabbfgdSW-JrOU9ePMrA,JK_DiDwbl7HX5OhCAh3h4g,2.0
nbBqUNCuBV-6HVkXgPaSVQ,jpOLEg5CrGrLNn5pMhWzmg,3.0
U2A_9kuWAMpvCObHrrSM_w,oRgoOhwCex1X9j1iQ9ou3w,4.0
toJLjXjSofVNJ1icmMwzfw,Ih5Q1cNDLchhi1FqqTwrag,3.0
vaNvEgtznFwSPDNkbM7hjA,P034NqfS_1sf-pC51170Kg,4.0
JesJ-LaNfr3pKhL7gWhDrw,bePq038NPxK7-WyPNe9FZw,4.0
8DBH3BpLINfTAK_Up5BtUQ,Ks0M3J4vZAKsHPuCINz5fQ,4.0
-pXs08gJq9ExIk275YLvPg,75HVFV2yYaaz0qH_KCgyFQ,4.0
UYcmGbelzRa0Q6JqzLoguw,f_9-Ca-r62-OeaS0z1d9Rg,4.0
w6CGizr474vGmianllh3FA,eAc9Vd6loOgRQolMXQt6FA,4.0
x6_9RC7Mc0SsFUcWxEoN_Q,l1_S1mfGbEMxfT1f9omhEA,3.0
LnX7-WmpML5bY6Fzlz468g,DnV2o694nhnjuRmyR39l3Q,5.0
U5YQX_vMl_xQy8EQDqlNQQ,m3uS5kwBVOwYarGbt98Gjg,3.0
OzGlDEQ_vzH8QU9NBRs-pw,S4ZfnsNo-Iim82uamtxKog,3.0
3YK7REruC4FwDTOj8zUYcQ,MpmFFw0GE_2iRFPdsRpJbA,1.0
JqjAthJThuVYgTh4iWDZ2A,IEJFia0wQX7UezfXsenI5g,3.0
H2PcFJ2tswZLKY4tadK6_Q,LpGCzgAKNSpzDNEUMVVtZA,1.0
whINg-cC-FiAv_ATDGMDTg,u_vPjx925UPEG9DFOAAvFQ,4.0
Ryxj0u0AW3mRsRypdYli2A,QJatAcxYgK1Zp9BRZMAx7g,4.0
3WzfK1ymtAaz189qmGiLWw,ywPaE5Ai8SK8TeUoeMgJ6Q,4.0
X3frtPLMgwXJAlGxcJvEDQ,IFj5l46-o-DWiJNexOAm3w,4.0
_qkI_vYa8ZtFCxMNTEyxjQ,L1-1P3acJc4gEFvWwjXcNQ,5.0
_VTEyUzzH92X3w-IpGaXVA,WfQojfN1xWzm58gIY_Fa_w,3.0
Gh6sagblKhuMpWUDWeQjNg,skJ-AlN0DT9pmBDz0ixeJw,5.0
N6PAVmnVS24YDjvZgaXkmQ,OGFBCNUHJ-182MbnV6NTvQ,4.0
zN7UEYPQwUQdDULm_pDWdQ,seDuOOv4W3_fgFD7iMKhKw,5.0
1-2Oed3A3J2lzLnRp12FWw,4JNXUYY8wbaaDmk3BPzlWw,5.0
y05H_1uQhO4frLTJ5_tGCQ,hPXR-Bi8U-uz6TUViqmGpg,5.0
yJP-54fC6lpYXXl5X0JyJw,61wUpoim2yzSMPKxg58ReQ,4.0
T1ECVGXE_vwCoCOY5s4esg,A0X1baHPgw9IiBRivu0G9g,5.0
qUL3CdRRF1vedNvaq06rIA,JePoHo0qm7lHd2Nsg3zA3w,5.0
Rsez5iSKBDgkqt6yU62o2A,km5aBHRss5ir_B0jvEErzQ,3.0
zh8-XfjqlwAxf--RS4azzg,3n685UjMonF4fjBcILXkJg,4.0